URS000002176F	HGNC	HGNC:7494	9606	tRNA	
URS0000023412	HGNC	HGNC:34946	9606	tRNA	
URS000005A7A9	HGNC	HGNC:34730	9606	tRNA	
URS000005AEAB	HGNC	HGNC:34591	9606	tRNA	
URS000006E464	HGNC	HGNC:7492	9606	tRNA	
URS000007A90A	HGNC	HGNC:7489	9606	tRNA	
URS000007E37F	HGNC	HGNC:34728	9606	tRNA	
URS0000092302	HGNC	HGNC:34845	9606	tRNA	
URS000009AC8B	HGNC	HGNC:12282	9606	tRNA	
URS000009DDCA	HGNC	HGNC:34931	9606	tRNA	
URS00000A1A88	HGNC	HGNC:34563	9606	tRNA	
URS00000A1A88	HGNC	HGNC:34750	9606	tRNA	
URS00000A1A88	HGNC	HGNC:34785	9606	tRNA	
URS00000AED6F	HGNC	HGNC:12274	9606	tRNA	
URS00000C18F2	HGNC	HGNC:34686	9606	tRNA	
URS00000C18F2	HGNC	HGNC:34774	9606	tRNA	
URS00000C18F2	HGNC	HGNC:34784	9606	tRNA	
URS00000C6674	HGNC	HGNC:7486	9606	tRNA	
URS00000CC06A	HGNC	HGNC:34827	9606	tRNA	
URS00000F30A4	HGNC	HGNC:34826	9606	tRNA	
URS00000F3F5E	HGNC	HGNC:7502	9606	tRNA	
URS00000FB60D	HGNC	HGNC:34649	9606	tRNA	
URS00000FB60D	HGNC	HGNC:34692	9606	tRNA	
URS00000FCDE9	HGNC	HGNC:7499	9606	tRNA	
URS0000120E41	HGNC	HGNC:12315	9606	tRNA	
URS0000120E41	HGNC	HGNC:34765	9606	tRNA	
URS0000120E41	HGNC	HGNC:34857	9606	tRNA	
URS0000120E41	HGNC	HGNC:34895	9606	tRNA	
URS0000121433	HGNC	HGNC:12322	9606	tRNA	
URS000012396D	HGNC	HGNC:7501	9606	tRNA	
URS000012AE66	HGNC	HGNC:34923	9606	tRNA	
URS000013899F	HGNC	HGNC:34770	9606	tRNA	
URS000013B42D	HGNC	HGNC:12273	9606	tRNA	
URS000013B42D	HGNC	HGNC:34533	9606	tRNA	
URS000013B42D	HGNC	HGNC:34725	9606	tRNA	
URS000013B42D	HGNC	HGNC:34771	9606	tRNA	
URS000013B42D	HGNC	HGNC:34881	9606	tRNA	
URS000013B42D	HGNC	HGNC:34948	9606	tRNA	
URS0000145C5E	HGNC	HGNC:34764	9606	tRNA	
URS000014D40F	HGNC	HGNC:34650	9606	tRNA	
URS00001618FC	HGNC	HGNC:34685	9606	tRNA	
URS0000161979	HGNC	HGNC:34543	9606	tRNA	
URS000018E119	HGNC	HGNC:7477	9606	tRNA	
URS000019B78E	HGNC	HGNC:7495	9606	tRNA	
URS00001A72CE	HGNC	HGNC:34766	9606	tRNA	
URS00001A86BB	HGNC	HGNC:35050	9606	tRNA	
URS00001AD596	HGNC	HGNC:33199	9606	tRNA	
URS00001AD596	HGNC	HGNC:34671	9606	tRNA	
URS00001AD596	HGNC	HGNC:34761	9606	tRNA	
URS00001AD596	HGNC	HGNC:34848	9606	tRNA	
URS00001AD596	HGNC	HGNC:34967	9606	tRNA	
URS00001B506A	HGNC	HGNC:12316	9606	tRNA	
URS00001C3F54	HGNC	HGNC:34596	9606	tRNA	
URS00001D4EE9	HGNC	HGNC:12098	9606	tRNA	
URS00001D909A	HGNC	HGNC:34644	9606	tRNA	
URS00001D909A	HGNC	HGNC:34735	9606	tRNA	
URS00001D909A	HGNC	HGNC:34933	9606	tRNA	
URS00001D9AFB	HGNC	HGNC:34646	9606	tRNA	
URS00001DA281	HGNC	HGNC:12348	9606	tRNA	
URS00001F1A89	HGNC	HGNC:34842	9606	tRNA	
URS00001F47B5	HGNC	HGNC:34658	9606	tRNA	
URS00001F9D54	HGNC	HGNC:34593	9606	tRNA	
URS00001FBD75	HGNC	HGNC:7487	9606	tRNA	
URS00001FC4D3	HGNC	HGNC:7478	9606	tRNA	
URS00002034DC	HGNC	HGNC:34788	9606	tRNA	
URS00002034DC	HGNC	HGNC:34792	9606	tRNA	
URS00002034DC	HGNC	HGNC:34898	9606	tRNA	
URS00002064F6	HGNC	HGNC:12354	9606	tRNA	
URS00002064F6	HGNC	HGNC:33245	9606	tRNA	
URS00002064F6	HGNC	HGNC:33248	9606	tRNA	
URS00002064F6	HGNC	HGNC:34541	9606	tRNA	
URS00002064F6	HGNC	HGNC:34790	9606	tRNA	
URS00002064F6	HGNC	HGNC:34941	9606	tRNA	
URS00002064F6	HGNC	HGNC:54846	9606	tRNA	
URS0000209048	HGNC	HGNC:34605	9606	tRNA	
URS000021550A	HGNC	HGNC:34988	9606	tRNA	
URS0000222FD2	HGNC	HGNC:34607	9606	tRNA	
URS0000222FD2	HGNC	HGNC:34674	9606	tRNA	
URS0000222FD2	HGNC	HGNC:35006	9606	tRNA	
URS0000225EE1	HGNC	HGNC:34670	9606	tRNA	
URS0000225EE1	HGNC	HGNC:34677	9606	tRNA	
URS000022DD4A	HGNC	HGNC:12314	9606	tRNA	
URS000022DD4A	HGNC	HGNC:33256	9606	tRNA	
URS000022DD4A	HGNC	HGNC:34684	9606	tRNA	
URS000022DD4A	HGNC	HGNC:34797	9606	tRNA	
URS000022DD4A	HGNC	HGNC:34994	9606	tRNA	
URS0000231E4E	HGNC	HGNC:34928	9606	tRNA	
URS0000233681	HGNC	HGNC:33249	9606	tRNA	
URS000023FFA7	HGNC	HGNC:35008	9606	tRNA	
URS000024B38F	HGNC	HGNC:16294	9606	tRNA	
URS000025082B	HGNC	HGNC:7488	9606	tRNA	
URS000025B782	HGNC	HGNC:7497	9606	tRNA	
URS000025E031	HGNC	HGNC:34673	9606	tRNA	
URS000025E031	HGNC	HGNC:34779	9606	tRNA	
URS000026DCDD	HGNC	HGNC:34706	9606	tRNA	
URS0000278E1B	HGNC	HGNC:34714	9606	tRNA	
URS0000282AB2	HGNC	HGNC:34654	9606	tRNA	
URS0000282AB2	HGNC	HGNC:34861	9606	tRNA	
URS0000287398	HGNC	HGNC:34976	9606	tRNA	
URS0000287398	HGNC	HGNC:38581	9606	tRNA	
URS00002901EC	HGNC	HGNC:34633	9606	tRNA	
URS00002901EC	HGNC	HGNC:34748	9606	tRNA	
URS00002901EC	HGNC	HGNC:34888	9606	tRNA	
URS000029CCC5	HGNC	HGNC:33259	9606	tRNA	
URS000029CCC5	HGNC	HGNC:34699	9606	tRNA	
URS000029CCC5	HGNC	HGNC:34814	9606	tRNA	
URS000029CCC5	HGNC	HGNC:34817	9606	tRNA	
URS000029CCC5	HGNC	HGNC:34873	9606	tRNA	
URS000029CCC5	HGNC	HGNC:34984	9606	tRNA	
URS00002B4CE5	HGNC	HGNC:34985	9606	tRNA	
URS00002BF476	HGNC	HGNC:34600	9606	tRNA	
URS00002C130C	HGNC	HGNC:7498	9606	tRNA	
URS00002D2D8F	HGNC	HGNC:7500	9606	tRNA	
URS00002D40C8	HGNC	HGNC:12332	9606	tRNA	
URS00002D40C8	HGNC	HGNC:34648	9606	tRNA	
URS00002D40C8	HGNC	HGNC:34847	9606	tRNA	
URS00002D40C8	HGNC	HGNC:34903	9606	tRNA	
URS00002D40C8	HGNC	HGNC:34956	9606	tRNA	
URS00002D4542	HGNC	HGNC:34808	9606	tRNA	
URS00002D7BB5	HGNC	HGNC:34638	9606	tRNA	
URS00002DDD59	HGNC	HGNC:34660	9606	tRNA	
URS00002DDD59	HGNC	HGNC:34664	9606	tRNA	
URS00002DDD59	HGNC	HGNC:34729	9606	tRNA	
URS00002DDD59	HGNC	HGNC:34997	9606	tRNA	
URS000030BAD5	HGNC	HGNC:12318	9606	tRNA	
URS000030BAD5	HGNC	HGNC:34574	9606	tRNA	
URS000030BAD5	HGNC	HGNC:34599	9606	tRNA	
URS000030BAD5	HGNC	HGNC:34655	9606	tRNA	
URS000030BAD5	HGNC	HGNC:34818	9606	tRNA	
URS000030BAD5	HGNC	HGNC:34863	9606	tRNA	
URS000030BAD5	HGNC	HGNC:34882	9606	tRNA	
URS000030BAD5	HGNC	HGNC:34913	9606	tRNA	
URS0000333F2E	HGNC	HGNC:33250	9606	tRNA	
URS0000333F2E	HGNC	HGNC:34558	9606	tRNA	
URS0000333F2E	HGNC	HGNC:34663	9606	tRNA	
URS0000333F2E	HGNC	HGNC:34993	9606	tRNA	
URS0000333F2E	HGNC	HGNC:35007	9606	tRNA	
URS000034AAC2	HGNC	HGNC:34570	9606	tRNA	
URS000034AAC2	HGNC	HGNC:34598	9606	tRNA	
URS000034AAC2	HGNC	HGNC:34623	9606	tRNA	
URS000034AAC2	HGNC	HGNC:34703	9606	tRNA	
URS000034AAC2	HGNC	HGNC:34751	9606	tRNA	
URS000034AAC2	HGNC	HGNC:34823	9606	tRNA	
URS000034E9D0	HGNC	HGNC:7479	9606	tRNA	
URS000035EE7E	HGNC	HGNC:12342	9606	tRNA	
URS000036D40A	HGNC	HGNC:7475	9606	tRNA	
URS000037D0FB	HGNC	HGNC:16292	9606	tRNA	
URS0000383A48	HGNC	HGNC:34830	9606	tRNA	
URS000038803E	HGNC	HGNC:34849	9606	tRNA	
URS000038D768	HGNC	HGNC:34592	9606	tRNA	
URS000038D8D3	HGNC	HGNC:16293	9606	tRNA	
URS000038D8D3	HGNC	HGNC:34637	9606	tRNA	
URS000038D8D3	HGNC	HGNC:34747	9606	tRNA	
URS000038D8D3	HGNC	HGNC:34810	9606	tRNA	
URS000038D8D3	HGNC	HGNC:34811	9606	tRNA	
URS000038D8D3	HGNC	HGNC:34950	9606	tRNA	
URS000038DA45	HGNC	HGNC:34708	9606	tRNA	
URS000038F4B2	HGNC	HGNC:34733	9606	tRNA	
URS0000390F3A	HGNC	HGNC:34744	9606	tRNA	
URS00003A0C47	HGNC	HGNC:33255	9606	tRNA	
URS00003A4B65	HGNC	HGNC:34975	9606	tRNA	
URS00003A8311	HGNC	HGNC:34813	9606	tRNA	
URS00003A8311	HGNC	HGNC:34944	9606	tRNA	
URS00003A8311	HGNC	HGNC:34947	9606	tRNA	
URS00003A8311	HGNC	HGNC:34982	9606	tRNA	
URS00003C9A26	HGNC	HGNC:34589	9606	tRNA	
URS00003C9A26	HGNC	HGNC:34622	9606	tRNA	
URS00003D2CC9	HGNC	HGNC:33254	9606	tRNA	
URS00003D2CC9	HGNC	HGNC:34966	9606	tRNA	
URS00003D5266	HGNC	HGNC:34943	9606	tRNA	
URS00003E8921	HGNC	HGNC:7481	9606	tRNA	
URS00004131B6	HGNC	HGNC:34566	9606	tRNA	
URS0000415026	HGNC	HGNC:12341	9606	tRNA	
URS0000415026	HGNC	HGNC:34683	9606	tRNA	
URS0000415026	HGNC	HGNC:34752	9606	tRNA	
URS0000415026	HGNC	HGNC:34853	9606	tRNA	
URS0000415026	HGNC	HGNC:34884	9606	tRNA	
URS0000416E93	HGNC	HGNC:12344	9606	tRNA	
URS0000416E93	HGNC	HGNC:34806	9606	tRNA	
URS0000416E93	HGNC	HGNC:34964	9606	tRNA	
URS0000417A0F	HGNC	HGNC:34611	9606	tRNA	
URS0000417A0F	HGNC	HGNC:34666	9606	tRNA	
URS0000417A0F	HGNC	HGNC:34760	9606	tRNA	
URS0000417A0F	HGNC	HGNC:34983	9606	tRNA	
URS00004206E2	HGNC	HGNC:7493	9606	tRNA	
URS0000429B3F	HGNC	HGNC:34831	9606	tRNA	
URS000042C3BF	HGNC	HGNC:34927	9606	tRNA	
URS000042F13F	HGNC	HGNC:34568	9606	tRNA	
URS000042F13F	HGNC	HGNC:34577	9606	tRNA	
URS000042F13F	HGNC	HGNC:34701	9606	tRNA	
URS000042F13F	HGNC	HGNC:34854	9606	tRNA	
URS000042F13F	HGNC	HGNC:34883	9606	tRNA	
URS000042F13F	HGNC	HGNC:34932	9606	tRNA	
URS000042F13F	HGNC	HGNC:34962	9606	tRNA	
URS00004310BE	HGNC	HGNC:34723	9606	tRNA	
URS00004378E7	HGNC	HGNC:34757	9606	tRNA	
URS000044BAE3	HGNC	HGNC:33260	9606	tRNA	
URS000044BAE3	HGNC	HGNC:34535	9606	tRNA	
URS000044BAE3	HGNC	HGNC:34536	9606	tRNA	
URS000044BAE3	HGNC	HGNC:34537	9606	tRNA	
URS000044BAE3	HGNC	HGNC:34538	9606	tRNA	
URS000044BAE3	HGNC	HGNC:34624	9606	tRNA	
URS000044BAE3	HGNC	HGNC:34736	9606	tRNA	
URS000044BAE3	HGNC	HGNC:34874	9606	tRNA	
URS000044BAE3	HGNC	HGNC:34902	9606	tRNA	
URS000044E412	HGNC	HGNC:34871	9606	tRNA	
URS0000450772	HGNC	HGNC:35001	9606	tRNA	
URS0000468B02	HGNC	HGNC:34739	9606	tRNA	
URS00004728AA	HGNC	HGNC:34855	9606	tRNA	
URS000047B05D	HGNC	HGNC:34886	9606	tRNA	
URS000047B05D	HGNC	HGNC:34908	9606	tRNA	
URS000047C79B	HGNC	HGNC:34865	9606	tRNA	
URS000047CD44	HGNC	HGNC:34695	9606	tRNA	
URS000047EBB5	HGNC	HGNC:34719	9606	tRNA	
URS0000493225	HGNC	HGNC:34852	9606	tRNA	
URS00004BF687	HGNC	HGNC:34864	9606	tRNA	
URS00004BF687	HGNC	HGNC:38580	9606	tRNA	
URS00004CF258	HGNC	HGNC:34851	9606	tRNA	
URS00004CF9D8	HGNC	HGNC:34634	9606	tRNA	
URS00004D8C39	HGNC	HGNC:34925	9606	tRNA	
URS00004D9E92	HGNC	HGNC:34572	9606	tRNA	
URS00004D9E92	HGNC	HGNC:34668	9606	tRNA	
URS00004F0321	HGNC	HGNC:34576	9606	tRNA	
URS00004F0321	HGNC	HGNC:34583	9606	tRNA	
URS00004F0321	HGNC	HGNC:34651	9606	tRNA	
URS00004F0321	HGNC	HGNC:34822	9606	tRNA	
URS00004F0321	HGNC	HGNC:34832	9606	tRNA	
URS00004F0321	HGNC	HGNC:34952	9606	tRNA	
URS00004F0321	HGNC	HGNC:34953	9606	tRNA	
URS00005026AE	HGNC	HGNC:34608	9606	tRNA	
URS0000502C74	HGNC	HGNC:14183	9606	tRNA	
URS0000502C74	HGNC	HGNC:34794	9606	tRNA	
URS0000520742	HGNC	HGNC:33201	9606	tRNA	
URS000052A1C9	HGNC	HGNC:33253	9606	tRNA	
URS0000530C88	HGNC	HGNC:34768	9606	tRNA	
URS000056BD99	HGNC	HGNC:7491	9606	tRNA	
URS0000572B72	HGNC	HGNC:34867	9606	tRNA	
URS00005983A6	HGNC	HGNC:7496	9606	tRNA	
URS000059900F	HGNC	HGNC:12346	9606	tRNA	
URS000059D2BF	HGNC	HGNC:12324	9606	tRNA	
URS000059D2BF	HGNC	HGNC:34595	9606	tRNA	
URS000059D2BF	HGNC	HGNC:34643	9606	tRNA	
URS000059D2BF	HGNC	HGNC:34738	9606	tRNA	
URS000059D2BF	HGNC	HGNC:34758	9606	tRNA	
URS000059D2BF	HGNC	HGNC:34971	9606	tRNA	
URS000059D2BF	HGNC	HGNC:54714	9606	tRNA	
URS000059D2BF	HGNC	HGNC:54715	9606	tRNA	
URS00005A1E0D	HGNC	HGNC:33198	9606	tRNA	
URS00005B30A9	HGNC	HGNC:34969	9606	tRNA	
URS00005B7465	HGNC	HGNC:34680	9606	tRNA	
URS00005DB87D	HGNC	HGNC:12330	9606	tRNA	
URS00005DB87D	HGNC	HGNC:12331	9606	tRNA	
URS00005DB87D	HGNC	HGNC:34578	9606	tRNA	
URS00005DB87D	HGNC	HGNC:34631	9606	tRNA	
URS00005DB87D	HGNC	HGNC:34698	9606	tRNA	
URS00005DB87D	HGNC	HGNC:34786	9606	tRNA	
URS00005DB87D	HGNC	HGNC:34840	9606	tRNA	
URS00005DB87D	HGNC	HGNC:34862	9606	tRNA	
URS0000610FFE	HGNC	HGNC:34715	9606	tRNA	
URS0000610FFE	HGNC	HGNC:34839	9606	tRNA	
URS0000610FFE	HGNC	HGNC:34877	9606	tRNA	
URS0000610FFE	HGNC	HGNC:34904	9606	tRNA	
URS0000610FFE	HGNC	HGNC:34955	9606	tRNA	
URS00006174C2	HGNC	HGNC:34682	9606	tRNA	
URS00006174C2	HGNC	HGNC:34696	9606	tRNA	
URS00006174C2	HGNC	HGNC:34720	9606	tRNA	
URS00006174C2	HGNC	HGNC:34798	9606	tRNA	
URS00006174C2	HGNC	HGNC:34802	9606	tRNA	
URS00006174C2	HGNC	HGNC:34856	9606	tRNA	
URS00006174C2	HGNC	HGNC:34858	9606	tRNA	
URS00006174C2	HGNC	HGNC:34911	9606	tRNA	
URS00006174C2	HGNC	HGNC:34915	9606	tRNA	
URS00006174C2	HGNC	HGNC:34951	9606	tRNA	
URS00006174C2	HGNC	HGNC:34981	9606	tRNA	
URS000061A10B	HGNC	HGNC:7490	9606	tRNA	
URS000061D582	HGNC	HGNC:12353	9606	tRNA	
URS000061D582	HGNC	HGNC:12355	9606	tRNA	
URS000061D582	HGNC	HGNC:33246	9606	tRNA	
URS000061D582	HGNC	HGNC:34542	9606	tRNA	
URS000061D582	HGNC	HGNC:34885	9606	tRNA	
URS000061F57C	HGNC	HGNC:34795	9606	tRNA	
URS000061F57C	HGNC	HGNC:34846	9606	tRNA	
URS0000622C87	HGNC	HGNC:34525	9606	tRNA	
URS0000624B2D	HGNC	HGNC:34669	9606	tRNA	
URS0000624B2D	HGNC	HGNC:34820	9606	tRNA	
URS0000625435	HGNC	HGNC:34726	9606	tRNA	
URS0000626F0F	HGNC	HGNC:34776	9606	tRNA	
URS00006293D9	HGNC	HGNC:34602	9606	tRNA	
URS000062C4DE	HGNC	HGNC:34787	9606	tRNA	
URS000062D4E8	HGNC	HGNC:34590	9606	tRNA	
URS0000630A16	HGNC	HGNC:34746	9606	tRNA	
URS0000630B8A	HGNC	HGNC:34561	9606	tRNA	
URS0000630B8A	HGNC	HGNC:34836	9606	tRNA	
URS0000630B8A	HGNC	HGNC:34930	9606	tRNA	
URS0000631D89	HGNC	HGNC:34641	9606	tRNA	
URS0000635088	HGNC	HGNC:34978	9606	tRNA	
URS00006365BC	HGNC	HGNC:34615	9606	tRNA	
URS00006365BC	HGNC	HGNC:34824	9606	tRNA	
URS0000636BA8	HGNC	HGNC:34667	9606	tRNA	
URS0000636BA8	HGNC	HGNC:34894	9606	tRNA	
URS0000636BA8	HGNC	HGNC:34937	9606	tRNA	
URS0000636E2A	HGNC	HGNC:34581	9606	tRNA	
URS0000637361	HGNC	HGNC:35098	9606	tRNA	
URS0000637E4A	HGNC	HGNC:34713	9606	tRNA	
URS0000639DBE	HGNC	HGNC:34901	9606	tRNA	
URS0000639DBE	HGNC	HGNC:34987	9606	tRNA	
URS000063BB92	HGNC	HGNC:34618	9606	tRNA	
URS000063E4FD	HGNC	HGNC:34914	9606	tRNA	
URS000063F87E	HGNC	HGNC:34791	9606	tRNA	
URS000063FB43	HGNC	HGNC:34722	9606	tRNA	
URS000063FB43	HGNC	HGNC:34793	9606	tRNA	
URS000063FB43	HGNC	HGNC:34815	9606	tRNA	
URS000063FB43	HGNC	HGNC:34850	9606	tRNA	
URS000063FB43	HGNC	HGNC:34934	9606	tRNA	
URS000064074C	HGNC	HGNC:12265	9606	tRNA	
URS00006430D9	HGNC	HGNC:34870	9606	tRNA	
URS0000643F30	HGNC	HGNC:34718	9606	tRNA	
URS0000643F30	HGNC	HGNC:34992	9606	tRNA	
URS0000644222	HGNC	HGNC:35073	9606	tRNA	
URS00006446BE	HGNC	HGNC:34553	9606	tRNA	
URS000064506B	HGNC	HGNC:34731	9606	tRNA	
URS0000646601	HGNC	HGNC:35005	9606	tRNA	
URS0000647428	HGNC	HGNC:34678	9606	tRNA	
URS00006494BB	HGNC	HGNC:34958	9606	tRNA	
URS000064A807	HGNC	HGNC:34620	9606	tRNA	
URS000064B6FC	HGNC	HGNC:34625	9606	tRNA	
URS000064BBA5	HGNC	HGNC:34732	9606	tRNA	
URS000064D54F	HGNC	HGNC:34910	9606	tRNA	
URS000064E10F	HGNC	HGNC:34880	9606	tRNA	
URS000064F320	HGNC	HGNC:34777	9606	tRNA	
URS00006509A6	HGNC	HGNC:38575	9606	tRNA	
URS0000651E1C	HGNC	HGNC:34825	9606	tRNA	
URS0000652AB1	HGNC	HGNC:34690	9606	tRNA	
URS000065464E	HGNC	HGNC:34912	9606	tRNA	
URS00006560DC	HGNC	HGNC:12300	9606	tRNA	
URS00006580F4	HGNC	HGNC:34712	9606	tRNA	
URS00006587E4	HGNC	HGNC:34687	9606	tRNA	
URS0000659172	HGNC	HGNC:54717	9606	tRNA	
URS0000659544	HGNC	HGNC:34621	9606	tRNA	
URS000065DEBF	HGNC	HGNC:34645	9606	tRNA	
URS000065F0A0	HGNC	HGNC:34588	9606	tRNA	
URS000065FE51	HGNC	HGNC:34961	9606	tRNA	
URS000066103F	HGNC	HGNC:34939	9606	tRNA	
URS0000664EAD	HGNC	HGNC:34559	9606	tRNA	
URS0000666B9C	HGNC	HGNC:54718	9606	tRNA	
URS000066989E	HGNC	HGNC:34866	9606	tRNA	
URS00006708BB	HGNC	HGNC:34821	9606	tRNA	
URS00006744D5	HGNC	HGNC:34734	9606	tRNA	
URS000067474D	HGNC	HGNC:34801	9606	tRNA	
URS0000674B10	HGNC	HGNC:54707	9606	tRNA	
URS0000677265	HGNC	HGNC:34807	9606	tRNA	
URS0000677B31	HGNC	HGNC:34606	9606	tRNA	
URS0000677EA0	HGNC	HGNC:12345	9606	tRNA	
URS0000679FAF	HGNC	HGNC:34552	9606	tRNA	
URS000067A424	HGNC	HGNC:34918	9606	tRNA	
URS000067AC87	HGNC	HGNC:34721	9606	tRNA	
URS000067F671	HGNC	HGNC:34935	9606	tRNA	
URS0000681553	HGNC	HGNC:34755	9606	tRNA	
URS0000684E4B	HGNC	HGNC:34841	9606	tRNA	
URS000068668E	HGNC	HGNC:34554	9606	tRNA	
URS000068C296	HGNC	HGNC:12350	9606	tRNA	
URS000068C2BC	HGNC	HGNC:34665	9606	tRNA	
URS000068D6AF	HGNC	HGNC:35092	9606	tRNA	
URS0000690130	HGNC	HGNC:34833	9606	tRNA	
URS0000692D68	HGNC	HGNC:34656	9606	tRNA	
URS0000693544	HGNC	HGNC:35004	9606	tRNA	
URS0000697465	HGNC	HGNC:34551	9606	tRNA	
URS0000698218	HGNC	HGNC:54719	9606	tRNA	
URS000069E2A5	HGNC	HGNC:34819	9606	tRNA	
URS00006A047B	HGNC	HGNC:34942	9606	tRNA	
URS00006A14B6	HGNC	HGNC:34717	9606	tRNA	
URS00006A5671	HGNC	HGNC:34628	9606	tRNA	
URS00006A5671	HGNC	HGNC:34639	9606	tRNA	
URS00006A5671	HGNC	HGNC:34727	9606	tRNA	
URS00006A5671	HGNC	HGNC:34834	9606	tRNA	
URS00006A56A1	HGNC	HGNC:50799	9606	tRNA	
URS00006A7FD7	HGNC	HGNC:34921	9606	tRNA	
URS00006A9D82	HGNC	HGNC:34879	9606	tRNA	
URS00006AACBE	HGNC	HGNC:33197	9606	tRNA	
URS00006ABBAC	HGNC	HGNC:54716	9606	tRNA	
URS00006ABCCE	HGNC	HGNC:34783	9606	tRNA	
URS00006B0F93	HGNC	HGNC:34705	9606	tRNA	
URS00006B4735	HGNC	HGNC:34991	9606	tRNA	
URS00006B479B	HGNC	HGNC:35059	9606	tRNA	
URS00006B603C	HGNC	HGNC:34619	9606	tRNA	
URS00006B603C	HGNC	HGNC:34980	9606	tRNA	
URS00006B603C	HGNC	HGNC:54208	9606	tRNA	
URS00006B9174	HGNC	HGNC:12250	9606	tRNA	
URS00006B98D7	HGNC	HGNC:34659	9606	tRNA	
URS00006BE24E	HGNC	HGNC:34689	9606	tRNA	
URS00006BE24E	HGNC	HGNC:34890	9606	tRNA	
URS00006C00AA	HGNC	HGNC:34704	9606	tRNA	
URS00006C0A49	HGNC	HGNC:34772	9606	tRNA	
URS00006C133C	HGNC	HGNC:34642	9606	tRNA	
URS00006C14B2	HGNC	HGNC:34920	9606	tRNA	
URS00006C58BC	HGNC	HGNC:34681	9606	tRNA	
URS00006C6310	HGNC	HGNC:34657	9606	tRNA	
URS00006C6D0A	HGNC	HGNC:34711	9606	tRNA	
URS00006C8412	HGNC	HGNC:34630	9606	tRNA	
URS00006C8EDF	HGNC	HGNC:34907	9606	tRNA	
URS00006CA18A	HGNC	HGNC:35087	9606	tRNA	
URS00006CA4D9	HGNC	HGNC:34775	9606	tRNA	
URS00006CA4D9	HGNC	HGNC:34909	9606	tRNA	
URS00006CC2CC	HGNC	HGNC:34900	9606	tRNA	
URS00006D0B93	HGNC	HGNC:34688	9606	tRNA	
URS00006D143A	HGNC	HGNC:34812	9606	tRNA	
URS00006D3DD2	HGNC	HGNC:34653	9606	tRNA	
URS00006D4008	HGNC	HGNC:34999	9606	tRNA	
URS00006D4584	HGNC	HGNC:34838	9606	tRNA	
URS00006D68C3	HGNC	HGNC:34963	9606	tRNA	
URS00006D69C0	HGNC	HGNC:34979	9606	tRNA	
URS00006D74B2	HGNC	HGNC:34763	9606	tRNA	
URS00006D9244	HGNC	HGNC:34741	9606	tRNA	
URS00006DA515	HGNC	HGNC:34896	9606	tRNA	
URS00006DB5BB	HGNC	HGNC:34889	9606	tRNA	
URS00006DBFC1	HGNC	HGNC:34702	9606	tRNA	
URS00006DBFC1	HGNC	HGNC:34954	9606	tRNA	
URS00006DCB39	HGNC	HGNC:34560	9606	tRNA	
URS00006E0DA7	HGNC	HGNC:38582	9606	tRNA	
URS00006E0DAF	HGNC	HGNC:34609	9606	tRNA	
URS00006E0DAF	HGNC	HGNC:34694	9606	tRNA	
URS00006E0DAF	HGNC	HGNC:34996	9606	tRNA	
URS00006E0E1A	HGNC	HGNC:34679	9606	tRNA	
URS00006E1AD1	HGNC	HGNC:12352	9606	tRNA	
URS00006E6B1E	HGNC	HGNC:34809	9606	tRNA	
URS00006E74AC	HGNC	HGNC:34562	9606	tRNA	
URS00006E998F	HGNC	HGNC:34697	9606	tRNA	
URS00006EB848	HGNC	HGNC:34926	9606	tRNA	
URS00006EB848	HGNC	HGNC:54706	9606	tRNA	
URS00006ED25B	HGNC	HGNC:34562	9606	tRNA	
URS00006EEBD6	HGNC	HGNC:34859	9606	tRNA	
URS00006F4537	HGNC	HGNC:34580	9606	tRNA	
URS00006F50E3	HGNC	HGNC:34869	9606	tRNA	
URS00006F50E3	HGNC	HGNC:54713	9606	tRNA	
URS00006F6EA6	HGNC	HGNC:35003	9606	tRNA	
URS00006F940C	HGNC	HGNC:34803	9606	tRNA	
URS00006FC298	HGNC	HGNC:34875	9606	tRNA	
URS000070227A	HGNC	HGNC:34924	9606	tRNA	
URS0000702883	HGNC	HGNC:34860	9606	tRNA	
URS0000703910	HGNC	HGNC:34661	9606	tRNA	
URS0000703910	HGNC	HGNC:34922	9606	tRNA	
URS0000703910	HGNC	HGNC:34959	9606	tRNA	
URS00007047C1	HGNC	HGNC:34640	9606	tRNA	
URS00007063CB	HGNC	HGNC:34710	9606	tRNA	
URS00007063CB	HGNC	HGNC:34970	9606	tRNA	
URS00007082D4	HGNC	HGNC:34796	9606	tRNA	
URS00007082D4	HGNC	HGNC:54203	9606	tRNA	
URS000070B37B	HGNC	HGNC:34544	9606	tRNA	
URS000070B37B	HGNC	HGNC:34754	9606	tRNA	
URS000070BF11	HGNC	HGNC:35054	9606	tRNA	
URS000070D4B4	HGNC	HGNC:34887	9606	tRNA	
URS000070D4B4	HGNC	HGNC:50812	9606	tRNA	
URS000070F1D2	HGNC	HGNC:34700	9606	tRNA	
URS00007106A3	HGNC	HGNC:35051	9606	tRNA	
URS0000712B90	HGNC	HGNC:34756	9606	tRNA	
URS0000712B90	HGNC	HGNC:34870	9606	tRNA	
URS00007131F2	HGNC	HGNC:34604	9606	tRNA	
URS00007142C3	HGNC	HGNC:34938	9606	tRNA	
URS0000716955	HGNC	HGNC:34626	9606	tRNA	
URS0000716B70	HGNC	HGNC:34769	9606	tRNA	
URS000071773D	HGNC	HGNC:34753	9606	tRNA	
URS000071ACA6	HGNC	HGNC:34555	9606	tRNA	
URS000071C635	HGNC	HGNC:34745	9606	tRNA	
URS000071D869	HGNC	HGNC:34594	9606	tRNA	
URS000071DF37	HGNC	HGNC:34629	9606	tRNA	
URS000071E42F	HGNC	HGNC:34716	9606	tRNA	
URS000071E42F	HGNC	HGNC:34780	9606	tRNA	
URS000071E42F	HGNC	HGNC:54206	9606	tRNA	
URS000071E903	HGNC	HGNC:34601	9606	tRNA	
URS000071ED2F	HGNC	HGNC:34740	9606	tRNA	
URS0000720AB7	HGNC	HGNC:34584	9606	tRNA	
URS00007217B5	HGNC	HGNC:34742	9606	tRNA	
URS000072540A	HGNC	HGNC:34579	9606	tRNA	
URS0000725A6A	HGNC	HGNC:12351	9606	tRNA	
URS0000727FD6	HGNC	HGNC:34676	9606	tRNA	
URS000072890F	HGNC	HGNC:34789	9606	tRNA	
URS000072A930	HGNC	HGNC:34612	9606	tRNA	
URS000072BBEB	HGNC	HGNC:35058	9606	tRNA	
URS000072E1AF	HGNC	HGNC:34940	9606	tRNA	
URS0000730885	HGNC	HGNC:35075	9606	tRNA	
URS0000730EC3	HGNC	HGNC:34816	9606	tRNA	
URS00007317AF	HGNC	HGNC:34917	9606	tRNA	
URS0000732902	HGNC	HGNC:34905	9606	tRNA	
URS0000732DD4	HGNC	HGNC:34936	9606	tRNA	
URS0000733374	HGNC	HGNC:34781	9606	tRNA	
URS0000735371	HGNC	HGNC:34762	9606	tRNA	
URS00007362AD	HGNC	HGNC:34587	9606	tRNA	
URS00007362AD	HGNC	HGNC:34693	9606	tRNA	
URS00007362AD	HGNC	HGNC:34828	9606	tRNA	
URS0000738059	HGNC	HGNC:12343	9606	tRNA	
URS000073A2F5	HGNC	HGNC:34573	9606	tRNA	
URS000073ABD7	HGNC	HGNC:34973	9606	tRNA	
URS000073D16E	HGNC	HGNC:34616	9606	tRNA	
URS000073E651	HGNC	HGNC:34949	9606	tRNA	
URS000073FCEB	HGNC	HGNC:34974	9606	tRNA	
URS0000744456	HGNC	HGNC:34929	9606	tRNA	
URS0000746081	HGNC	HGNC:35026	9606	tRNA	
URS0000747665	HGNC	HGNC:34800	9606	tRNA	
URS0000747665	HGNC	HGNC:38583	9606	tRNA	
URS0000748C4B	HGNC	HGNC:34893	9606	tRNA	
URS000074C15B	HGNC	HGNC:35000	9606	tRNA	
URS000074C9DF	HGNC	HGNC:34957	9606	tRNA	
URS000074CCCF	HGNC	HGNC:34662	9606	tRNA	
URS000074D670	HGNC	HGNC:34829	9606	tRNA	
URS000074FC25	HGNC	HGNC:34835	9606	tRNA	
URS00007501FD	HGNC	HGNC:35070	9606	tRNA	
URS0000750232	HGNC	HGNC:33247	9606	tRNA	
URS0000753215	HGNC	HGNC:34977	9606	tRNA	
URS0000753A37	HGNC	HGNC:34597	9606	tRNA	
URS00007547BC	HGNC	HGNC:38576	9606	tRNA	
URS0000754F23	HGNC	HGNC:34799	9606	tRNA	
URS0000755767	HGNC	HGNC:34782	9606	tRNA	
URS0000755838	HGNC	HGNC:34571	9606	tRNA	
URS00007578A8	HGNC	HGNC:34759	9606	tRNA	
URS0000757938	HGNC	HGNC:34891	9606	tRNA	
URS0000758548	HGNC	HGNC:12251	9606	tRNA	
URS0000758799	HGNC	HGNC:34724	9606	tRNA	
URS0000758A62	HGNC	HGNC:34916	9606	tRNA	
URS0000C8E9CE	HGNC	HGNC:35089	9606	tRNA	
URS0000C8E9D0	HGNC	HGNC:34564	9606	tRNA	
URS0000C8E9D4	HGNC	HGNC:34707	9606	tRNA	
URS0000C8E9E7	HGNC	HGNC:34989	9606	tRNA	
URS0000C8E9E8	HGNC	HGNC:34878	9606	tRNA	
URS0000C8E9E9	HGNC	HGNC:35030	9606	tRNA	
URS0000C8E9EB	HGNC	HGNC:12349	9606	tRNA	
