;European Nucleotide Archive ID;RNAcentral ID;ID .fa;All Data .fa;Sequence;fa origin file
0;AL096764;URS0000EB69F3;AL096764;AL096764.11/46123-46004 Human DNA sequence from clone RP1-298J18 on chromosome Xq22.3-24 Contains a 60S ribosomal protein (RPL18A), the gene for an uncharacterized hematopoietic stem/progenitor cells protein MDS031, the 5' end of the ALG13 gene for asparagine-link;GTCTATGGCCATACCACCCTGAATGTGCTTGATCTCATCTGATCTCGTGAAGCCAAGCAGGGTGGGGCCTAGTTAGTACTTGGATGGGAGACTTCCTGGGAATATAAGCTGCTGTTGGCT;RF00001.fa
1;AL096764;URS0000E9C373;AL096764;AL096764.11/46123-46004 Human DNA sequence from clone RP1-298J18 on chromosome Xq22.3-24 Contains a 60S ribosomal protein (RPL18A), the gene for an uncharacterized hematopoietic stem/progenitor cells protein MDS031, the 5' end of the ALG13 gene for asparagine-link;GTCTATGGCCATACCACCCTGAATGTGCTTGATCTCATCTGATCTCGTGAAGCCAAGCAGGGTGGGGCCTAGTTAGTACTTGGATGGGAGACTTCCTGGGAATATAAGCTGCTGTTGGCT;RF00001.fa
2;AL096764;URS0000EAF819;AL096764;AL096764.11/46123-46004 Human DNA sequence from clone RP1-298J18 on chromosome Xq22.3-24 Contains a 60S ribosomal protein (RPL18A), the gene for an uncharacterized hematopoietic stem/progenitor cells protein MDS031, the 5' end of the ALG13 gene for asparagine-link;GTCTATGGCCATACCACCCTGAATGTGCTTGATCTCATCTGATCTCGTGAAGCCAAGCAGGGTGGGGCCTAGTTAGTACTTGGATGGGAGACTTCCTGGGAATATAAGCTGCTGTTGGCT;RF00001.fa
3;AL096764;URS0000EA03A6;AL096764;AL096764.11/46123-46004 Human DNA sequence from clone RP1-298J18 on chromosome Xq22.3-24 Contains a 60S ribosomal protein (RPL18A), the gene for an uncharacterized hematopoietic stem/progenitor cells protein MDS031, the 5' end of the ALG13 gene for asparagine-link;GTCTATGGCCATACCACCCTGAATGTGCTTGATCTCATCTGATCTCGTGAAGCCAAGCAGGGTGGGGCCTAGTTAGTACTTGGATGGGAGACTTCCTGGGAATATAAGCTGCTGTTGGCT;RF00001.fa
4;AL096764;URS0000EB45F0;AL096764;AL096764.11/46123-46004 Human DNA sequence from clone RP1-298J18 on chromosome Xq22.3-24 Contains a 60S ribosomal protein (RPL18A), the gene for an uncharacterized hematopoietic stem/progenitor cells protein MDS031, the 5' end of the ALG13 gene for asparagine-link;GTCTATGGCCATACCACCCTGAATGTGCTTGATCTCATCTGATCTCGTGAAGCCAAGCAGGGTGGGGCCTAGTTAGTACTTGGATGGGAGACTTCCTGGGAATATAAGCTGCTGTTGGCT;RF00001.fa
5;AL096764;URS0000E91311;AL096764;AL096764.11/46123-46004 Human DNA sequence from clone RP1-298J18 on chromosome Xq22.3-24 Contains a 60S ribosomal protein (RPL18A), the gene for an uncharacterized hematopoietic stem/progenitor cells protein MDS031, the 5' end of the ALG13 gene for asparagine-link;GTCTATGGCCATACCACCCTGAATGTGCTTGATCTCATCTGATCTCGTGAAGCCAAGCAGGGTGGGGCCTAGTTAGTACTTGGATGGGAGACTTCCTGGGAATATAAGCTGCTGTTGGCT;RF00001.fa
6;AL096764;URS0000E99CAC;AL096764;AL096764.11/46123-46004 Human DNA sequence from clone RP1-298J18 on chromosome Xq22.3-24 Contains a 60S ribosomal protein (RPL18A), the gene for an uncharacterized hematopoietic stem/progenitor cells protein MDS031, the 5' end of the ALG13 gene for asparagine-link;GTCTATGGCCATACCACCCTGAATGTGCTTGATCTCATCTGATCTCGTGAAGCCAAGCAGGGTGGGGCCTAGTTAGTACTTGGATGGGAGACTTCCTGGGAATATAAGCTGCTGTTGGCT;RF00001.fa
7;AL662865;URS00007C02B6;AL662865;AL662865.4/12206-12135 Human DNA sequence from clone CH502-216M5 on chromosome 6;GGTTCCATGGTGTAATGGTTAGCACTCTGGACTCTGAATCCAGCGATCCGAGTTCAAATCTCGGTGGAACCT;RF00005.fa
8;AC006449;URS0000E91E5E;AC006449;AC006449.19/196857-196784 Homo sapiens chromosome 17, clone hCIT.58_E_17, complete sequence.;GTCTCTGTGGCGCAATCGGTTAGCGCGTTCGGCTGTTAACCGAAAGGTTGGTGGTTCGAGCCCACCCAGGGACG;RF00005.fa
9;AL163195;URS00008B5F73;AL163195;AL163195.5/3702-3774 Human chromosome 14 DNA sequence BAC R-14J7 of library RPCI-11 from chromosome 14 of Homo sapiens (Human);GGCTCCATAGCTCAGGGGTTAGAGCACTGGTCTTGTAAACCAGGGGTCGCGAGTTCAAATCTCGCTGGGGCCT;RF00005.fa
10;AL133551;URS0000EAB5AF;AL133551;AL133551.13/12355-12436 Human DNA sequence from clone RP11-57G10 on chromosome 10 Contains a ribosomal protein L21 (RPL21) pseudogene, the gene for J-domain containing protein 1 (JDP1), a ribosomal protein L12 (RPL12) pseudogene, a novel pseudogene, the SIRT1 gene;GCAGCGATGGCCGAGTGGTTAAGGCGTTGGACTTGAAATCCAATGGGGTCTCCCCGCGCAGGTTCGAACCCTGCTCGCTGCG;RF00005.fa
11;AL352978;URS0000EB41DC;AL352978;AL352978.6/119697-119770 Human chromosome 14 DNA sequence BAC C-3059L23 of library CalTech-D from chromosome 14 of Homo sapiens (Human);GGCCGGTTAGCTCAGTTGGTTAGAGCGTGGTGCTAATAACGCCAAGGTCGCGGGTTCGATCCCCGTACGGGCCA;RF00005.fa
12;AL352978;URS0000EA2F3E;AL352978;AL352978.6/119697-119770 Human chromosome 14 DNA sequence BAC C-3059L23 of library CalTech-D from chromosome 14 of Homo sapiens (Human);GGCCGGTTAGCTCAGTTGGTTAGAGCGTGGTGCTAATAACGCCAAGGTCGCGGGTTCGATCCCCGTACGGGCCA;RF00005.fa
13;AL352978;URS0000EBE212;AL352978;AL352978.6/119697-119770 Human chromosome 14 DNA sequence BAC C-3059L23 of library CalTech-D from chromosome 14 of Homo sapiens (Human);GGCCGGTTAGCTCAGTTGGTTAGAGCGTGGTGCTAATAACGCCAAGGTCGCGGGTTCGATCCCCGTACGGGCCA;RF00005.fa
14;AL352978;URS0000EB4E5C;AL352978;AL352978.6/119697-119770 Human chromosome 14 DNA sequence BAC C-3059L23 of library CalTech-D from chromosome 14 of Homo sapiens (Human);GGCCGGTTAGCTCAGTTGGTTAGAGCGTGGTGCTAATAACGCCAAGGTCGCGGGTTCGATCCCCGTACGGGCCA;RF00005.fa
15;AC018638;URS0000EAE8FA;AC018638;AC018638.5/4694-4623 Homo sapiens chromosome 7 clone RP11-274B21, complete sequence.;GGCTCGTTGGTCTAGGGGTATGATTCTCGCTTAGGGTGCGAGAGGTCCCGGGTTCAAATCCCGGACGAGCCC;RF00005.fa
16;AC092686;URS0000E9472C;AC092686;AC092686.3/29631-29561 Homo sapiens BAC clone RP11-767C16 from 2, complete sequence.;GCATTGGTGGTTCAGTGGTAGAATTCTCGCCTGCCACGCGGGAGGCCCGGGTTCGATTCCCGGCCAATGCA;RF00005.fa
17;AC092686;URS0000EB860C;AC092686;AC092686.3/29631-29561 Homo sapiens BAC clone RP11-767C16 from 2, complete sequence.;GCATTGGTGGTTCAGTGGTAGAATTCTCGCCTGCCACGCGGGAGGCCCGGGTTCGATTCCCGGCCAATGCA;RF00005.fa
18;AL139099;URS0000D6DB98;AL139099;AL139099.3/76053-75754 Human chromosome 14 DNA sequence BAC R-649E7 of library RPCI-11 from chromosome 14 of Homo sapiens (Human);GCCGGGCGCGGTGGCGCGTGCCTGTAGTCCCAGCTACTCGGGAGGCTGAGGCTGGAGGATCGCTTGAGTCCAGGAGTTCTGGGCTGTAGTGCGCTATGCCGATCGGGTGTCCGCACTAAGTTCGGCATCAATATGGTGACCTCCCGGGAGCGGGGGACCACCAGGTTGCCTAAGGAGGGGTGAACCGGCCCAGGTCGGAAACGGAGCAGGTCAAAACTCCCGTGCTGATCAGTAGTGGGATCGCGCCTGTGAATAGCCACTGCACTCCAGCCTGGGCAACATAGCGAGACCCCGTCTCTT;RF00017.fa
19;AL139099;URS0000D6E195;AL139099;AL139099.3/76053-75754 Human chromosome 14 DNA sequence BAC R-649E7 of library RPCI-11 from chromosome 14 of Homo sapiens (Human);GCCGGGCGCGGTGGCGCGTGCCTGTAGTCCCAGCTACTCGGGAGGCTGAGGCTGGAGGATCGCTTGAGTCCAGGAGTTCTGGGCTGTAGTGCGCTATGCCGATCGGGTGTCCGCACTAAGTTCGGCATCAATATGGTGACCTCCCGGGAGCGGGGGACCACCAGGTTGCCTAAGGAGGGGTGAACCGGCCCAGGTCGGAAACGGAGCAGGTCAAAACTCCCGTGCTGATCAGTAGTGGGATCGCGCCTGTGAATAGCCACTGCACTCCAGCCTGGGCAACATAGCGAGACCCCGTCTCTT;RF00017.fa
20;AC018755;URS0000E970E1;AC018755;AC018755.3/119936-120012 Homo sapiens chromosome 19, BAC BC330783 (CIT-HSPC_470E3), complete sequence.;CCGGGCTGAGGTAGGAGGTTGTATAGTTGAGGAGGACACCCAAGGAGATCACTATACGGCCTCCTAGCTTTCCCCAG;RF00027.fa
21;AC018755;URS0000E970E1;AC018755;AC018755.3/120411-120479 Homo sapiens chromosome 19, BAC BC330783 (CIT-HSPC_470E3), complete sequence.;TCTAGGTCCCTGAGACCCTTTAACCTGTGAGGACATCCAGGGTCACAGGTGAGGTTCTTGGGAGCCTGG;RF00052.fa
22;AL354733;URS0000EA31EC;AL354733;AL354733.15/170741-170651 Human DNA sequence from clone RP11-575L7 on chromosome 9 Contains the 5' end of the gene for protein kinase anchoring protein GKAP42 (FKSG21), a novel gene (DKFZp43D0917), a novel gene (MGC10999), the HNRPK gene for heterogeneous nuclear ri;TGGCCTAGTTCTGTGTGGAAGACTAGTGATTTTGTTGTTTTTAGATAACTAAATCGACAACAAATCACAGTCTGCCATATGGCACAGGCCA;RF00053.fa
23;U47924;URS0000EB6C72;U47924;U47924.1/155825-155887 Human chromosome 12p13 sequence, complete sequence.;CAGTGTTACAGCTCTTTTAGAATTTGTCTAGTAGGCTTTCTGGCTTTTTACCGGAAAGCCCCT;RF00066.fa
24;U47924;URS0000EA753A;U47924;U47924.1/155825-155887 Human chromosome 12p13 sequence, complete sequence.;CAGTGTTACAGCTCTTTTAGAATTTGTCTAGTAGGCTTTCTGGCTTTTTACCGGAAAGCCCCT;RF00066.fa
25;U47924;URS0000EA1280;U47924;U47924.1/155825-155887 Human chromosome 12p13 sequence, complete sequence.;CAGTGTTACAGCTCTTTTAGAATTTGTCTAGTAGGCTTTCTGGCTTTTTACCGGAAAGCCCCT;RF00066.fa
26;U47924;URS0000EA1ED2;U47924;U47924.1/155825-155887 Human chromosome 12p13 sequence, complete sequence.;CAGTGTTACAGCTCTTTTAGAATTTGTCTAGTAGGCTTTCTGGCTTTTTACCGGAAAGCCCCT;RF00066.fa
27;AC020916;URS0000EB6E23;AC020916;AC020916.8/87858-87932 Homo sapiens chromosome 19 clone CTD-3252C9, complete sequence.;TTTGGGGGAACATTCAACCTGTCGGTGAGTTTGGGCAGCTCAGGCAAACCATCGACCGTTGAGTGGACCCTGAGG;RF00076.fa
28;AC020916;URS0000EB1E33;AC020916;AC020916.8/87858-87932 Homo sapiens chromosome 19 clone CTD-3252C9, complete sequence.;TTTGGGGGAACATTCAACCTGTCGGTGAGTTTGGGCAGCTCAGGCAAACCATCGACCGTTGAGTGGACCCTGAGG;RF00076.fa
29;AC020916;URS0000EBB006;AC020916;AC020916.8/87858-87932 Homo sapiens chromosome 19 clone CTD-3252C9, complete sequence.;TTTGGGGGAACATTCAACCTGTCGGTGAGTTTGGGCAGCTCAGGCAAACCATCGACCGTTGAGTGGACCCTGAGG;RF00076.fa
30;AC007318;URS0000EA6341;AC007318;AC007318.4/80306-80504 Homo sapiens BAC clone RP11-420C9 from 2, complete sequence.;TCCAGCAGTCGTTAGCTCTCCTGGCTAGTGTGATGCCTGTGATGGTGTTTCACTGTTGGAACAGCAAGCACTGTCTTAATTGAGGCTTGGCTCCGGGTGCTGTTTTGGTGTGGGGCCAAGTATACCTTTGGGCAGTGTTTTGCACTTCTGAGAGTGAAATGACTCCTGTGGAGTCGGTCCTAATCTGAGTGCAAACAAT;RF00090.fa
31;AC007318;URS0000E92CE6;AC007318;AC007318.4/80306-80504 Homo sapiens BAC clone RP11-420C9 from 2, complete sequence.;TCCAGCAGTCGTTAGCTCTCCTGGCTAGTGTGATGCCTGTGATGGTGTTTCACTGTTGGAACAGCAAGCACTGTCTTAATTGAGGCTTGGCTCCGGGTGCTGTTTTGGTGTGGGGCCAAGTATACCTTTGGGCAGTGTTTTGCACTTCTGAGAGTGAAATGACTCCTGTGGAGTCGGTCCTAATCTGAGTGCAAACAAT;RF00090.fa
32;AC018755;URS0000E970E1;AC018755;AC018755.3/119760-119832 Homo sapiens chromosome 19, BAC BC330783 (CIT-HSPC_470E3), complete sequence.;TGGCACCCACCCGTAGAACCGACCTTGCGGGGCCTTCGCCGCACACAAGCTCGTGTCTGTGGGTCCGTGTCGG;RF00104.fa
33;AC007229;URS0000EAA88A;AC007229;AC007229.1/16746-16645 Homo sapiens chromosome 19, cosmid R34187, complete sequence.;TGGATAGCCGGCCCCGCCAACCCAGTGTTCAGACTACCTGTTCAGGAGGCTCTCAATGTGTACAGTAGTCTGCACATTGGTTAGGCTGGGCTTGGGTGAGCG;RF00144.fa
34;AC007229;URS0000EBB32B;AC007229;AC007229.1/16746-16645 Homo sapiens chromosome 19, cosmid R34187, complete sequence.;TGGATAGCCGGCCCCGCCAACCCAGTGTTCAGACTACCTGTTCAGGAGGCTCTCAATGTGTACAGTAGTCTGCACATTGGTTAGGCTGGGCTTGGGTGAGCG;RF00144.fa
35;AC007229;URS0000E967EE;AC007229;AC007229.1/16746-16645 Homo sapiens chromosome 19, cosmid R34187, complete sequence.;TGGATAGCCGGCCCCGCCAACCCAGTGTTCAGACTACCTGTTCAGGAGGCTCTCAATGTGTACAGTAGTCTGCACATTGGTTAGGCTGGGCTTGGGTGAGCG;RF00144.fa
36;AC007229;URS0000E9A1AE;AC007229;AC007229.1/16746-16645 Homo sapiens chromosome 19, cosmid R34187, complete sequence.;TGGATAGCCGGCCCCGCCAACCCAGTGTTCAGACTACCTGTTCAGGAGGCTCTCAATGTGTACAGTAGTCTGCACATTGGTTAGGCTGGGCTTGGGTGAGCG;RF00144.fa
37;AL121809;URS0000EA2501;AL121809;AL121809.6/172081-172016 Human chromosome 14 DNA sequence BAC C-3028N15 of library CalTech-D from chromosome 14 of Homo sapiens (Human);CTGTGATGATGGCATTTCTTAGGACAATTTTGGATTAATTATGAAAACAACTACTCTCTGAGCAAT;RF00151.fa
38;AL121809;URS0000EAA5B4;AL121809;AL121809.6/172081-172016 Human chromosome 14 DNA sequence BAC C-3028N15 of library CalTech-D from chromosome 14 of Homo sapiens (Human);CTGTGATGATGGCATTTCTTAGGACAATTTTGGATTAATTATGAAAACAACTACTCTCTGAGCAAT;RF00151.fa
39;AL121809;URS0000EBDC17;AL121809;AL121809.6/172081-172016 Human chromosome 14 DNA sequence BAC C-3028N15 of library CalTech-D from chromosome 14 of Homo sapiens (Human);CTGTGATGATGGCATTTCTTAGGACAATTTTGGATTAATTATGAAAACAACTACTCTCTGAGCAAT;RF00151.fa
40;AL929554;URS0000EA17CC;AL929554;AL929554.20/7608-7693 Human DNA sequence from clone RP11-350O14 on chromosome 9 Contains the 3' end of the MAN1B1 gene for mannosidase alpha class 1B member 1, the DPP7 gene for dipeptidylpeptidase 7, the GRIN1 gene for glutamate receptor ionotropic N-methyl D-a;TCTTAGTGACATAATTCTAATAGTTTGTTCCGACCTTCCACTGTGGACTCAATAGCAGGGAGATGAAGAGGACAGTGATTGCATGA;RF00153.fa
41;AC010653;URS0000E9E1D3;AC010653;AC010653.10/163838-163972 Homo sapiens chromosome 16 clone RP11-417N10, complete sequence.;CTGCAGACAGTTAAGCCAACTGAGTTCCTTTCCTCAGGGAGGCCCAGTGTACAATGGCTGCCCACAGCAGCTTCCTTGGTAGCGTACTCAGCCTGTTTCTTGTATGGGTTGCTCTAAGGGACCTTAGAGACAGGC;RF00156.fa
42;AC010653;URS0000E9C5CB;AC010653;AC010653.10/163838-163972 Homo sapiens chromosome 16 clone RP11-417N10, complete sequence.;CTGCAGACAGTTAAGCCAACTGAGTTCCTTTCCTCAGGGAGGCCCAGTGTACAATGGCTGCCCACAGCAGCTTCCTTGGTAGCGTACTCAGCCTGTTTCTTGTATGGGTTGCTCTAAGGGACCTTAGAGACAGGC;RF00156.fa
43;AC010653;URS0000EA0516;AC010653;AC010653.10/163838-163972 Homo sapiens chromosome 16 clone RP11-417N10, complete sequence.;CTGCAGACAGTTAAGCCAACTGAGTTCCTTTCCTCAGGGAGGCCCAGTGTACAATGGCTGCCCACAGCAGCTTCCTTGGTAGCGTACTCAGCCTGTTTCTTGTATGGGTTGCTCTAAGGGACCTTAGAGACAGGC;RF00156.fa
44;AC104966;URS0000EAFE6D;AC104966;AC104966.4/51221-51291 Homo sapiens chromosome 8, clone CTD-2114J12, complete sequence.;GTATGTGAAAGTGTAAAATAGAATGTTACTTTGGAATGACTATAAACATTGAAAGAAGACTGGAAACATAC;RF00179.fa
45;AP001458;URS0000EB6F51;AP001458;AP001458.6/72689-72837 Homo sapiens genomic DNA, chromosome 11 clone:RP11-831H9, complete sequence.;CCTCCTTTTCTTGGCGGGGATCGGGCTTGTGGTGCCGCTCCCCGTAATGTACGGAGGAAGAGGGAAAGGGCTCTGGCCCCCTCGGCGTCATGTCTTCGGTGCTGGCGGCTTCCCATCCGCTGGTTCTATCCTCAAACGCCGGGACACCG;RF00191.fa
46;AP001458;URS0000EA2EF4;AP001458;AP001458.6/72689-72837 Homo sapiens genomic DNA, chromosome 11 clone:RP11-831H9, complete sequence.;CCTCCTTTTCTTGGCGGGGATCGGGCTTGTGGTGCCGCTCCCCGTAATGTACGGAGGAAGAGGGAAAGGGCTCTGGCCCCCTCGGCGTCATGTCTTCGGTGCTGGCGGCTTCCCATCCGCTGGTTCTATCCTCAAACGCCGGGACACCG;RF00191.fa
47;AP001458;URS0000EAA996;AP001458;AP001458.6/72689-72837 Homo sapiens genomic DNA, chromosome 11 clone:RP11-831H9, complete sequence.;CCTCCTTTTCTTGGCGGGGATCGGGCTTGTGGTGCCGCTCCCCGTAATGTACGGAGGAAGAGGGAAAGGGCTCTGGCCCCCTCGGCGTCATGTCTTCGGTGCTGGCGGCTTCCCATCCGCTGGTTCTATCCTCAAACGCCGGGACACCG;RF00191.fa
48;AP001458;URS0000EB6767;AP001458;AP001458.6/72689-72837 Homo sapiens genomic DNA, chromosome 11 clone:RP11-831H9, complete sequence.;CCTCCTTTTCTTGGCGGGGATCGGGCTTGTGGTGCCGCTCCCCGTAATGTACGGAGGAAGAGGGAAAGGGCTCTGGCCCCCTCGGCGTCATGTCTTCGGTGCTGGCGGCTTCCCATCCGCTGGTTCTATCCTCAAACGCCGGGACACCG;RF00191.fa
49;AP001458;URS0000EBFF49;AP001458;AP001458.6/72689-72837 Homo sapiens genomic DNA, chromosome 11 clone:RP11-831H9, complete sequence.;CCTCCTTTTCTTGGCGGGGATCGGGCTTGTGGTGCCGCTCCCCGTAATGTACGGAGGAAGAGGGAAAGGGCTCTGGCCCCCTCGGCGTCATGTCTTCGGTGCTGGCGGCTTCCCATCCGCTGGTTCTATCCTCAAACGCCGGGACACCG;RF00191.fa
50;AP001458;URS0000EAB700;AP001458;AP001458.6/72689-72837 Homo sapiens genomic DNA, chromosome 11 clone:RP11-831H9, complete sequence.;CCTCCTTTTCTTGGCGGGGATCGGGCTTGTGGTGCCGCTCCCCGTAATGTACGGAGGAAGAGGGAAAGGGCTCTGGCCCCCTCGGCGTCATGTCTTCGGTGCTGGCGGCTTCCCATCCGCTGGTTCTATCCTCAAACGCCGGGACACCG;RF00191.fa
51;AC090559;URS0000EB2A09;AC090559;AC090559.7/2975-2808 Homo sapiens chromosome 11, clone RP11-750H9, complete sequence.;CTCACCCAGGGCTCCTGTAGCTCAGGGGGCAGGCCTGAGCCCTGCACCCGCCCCACGACCGTCCAGCCCCTGACGGGGCACCCCATCCTGAGGGGCTCTGCATTGGCCCCCACCGAGGCAGGGGATCTGACCGACTCGGAGCCCGGCTGGATGTTACAGGCGTGCAAA;RF00232.fa
52;AL096828;URS0000EAB7D5;AL096828;AL096828.29/88057-88137 Human DNA sequence from clone RP5-963E22 on chromosome 20 Contains the C20orf21 gene for a novel protein similar to high-gluose-regulated protein 8 (HGRG8) and five CpG islands.;GGGCCCCTCTGCGTGTTCACAGCGGACCTTGATTTAATGTCTATACAATTAAGGCACGCGGTGAATGCCAAGAGAGGCGCC;RF00239.fa
53;U47924;URS0000EB6C72;U47924;U47924.1/175703-175780 Human chromosome 12p13 sequence, complete sequence.;GGGGGCCCTCGTCTTACCCAGCAGTGTTTGGGTGCGGTTGGGAGTCTCTAATACTGCCGGGTAATGATGGAGGCCCCT;RF00241.fa
54;U47924;URS0000EB6C72;U47924;U47924.1/176113-176193 Human chromosome 12p13 sequence, complete sequence.;CCCTGGGTCCATCTTCCAGTACAGTGTTGGATGGTCTAATTGTGAAGCTCCTAACACTGTCTGGTAAAGATGGCTCCCGGG;RF00241.fa
55;U47924;URS0000EA753A;U47924;U47924.1/175703-175780 Human chromosome 12p13 sequence, complete sequence.;GGGGGCCCTCGTCTTACCCAGCAGTGTTTGGGTGCGGTTGGGAGTCTCTAATACTGCCGGGTAATGATGGAGGCCCCT;RF00241.fa
56;U47924;URS0000EA753A;U47924;U47924.1/176113-176193 Human chromosome 12p13 sequence, complete sequence.;CCCTGGGTCCATCTTCCAGTACAGTGTTGGATGGTCTAATTGTGAAGCTCCTAACACTGTCTGGTAAAGATGGCTCCCGGG;RF00241.fa
57;U47924;URS0000EA1280;U47924;U47924.1/175703-175780 Human chromosome 12p13 sequence, complete sequence.;GGGGGCCCTCGTCTTACCCAGCAGTGTTTGGGTGCGGTTGGGAGTCTCTAATACTGCCGGGTAATGATGGAGGCCCCT;RF00241.fa
58;U47924;URS0000EA1280;U47924;U47924.1/176113-176193 Human chromosome 12p13 sequence, complete sequence.;CCCTGGGTCCATCTTCCAGTACAGTGTTGGATGGTCTAATTGTGAAGCTCCTAACACTGTCTGGTAAAGATGGCTCCCGGG;RF00241.fa
59;U47924;URS0000EA1ED2;U47924;U47924.1/175703-175780 Human chromosome 12p13 sequence, complete sequence.;GGGGGCCCTCGTCTTACCCAGCAGTGTTTGGGTGCGGTTGGGAGTCTCTAATACTGCCGGGTAATGATGGAGGCCCCT;RF00241.fa
60;U47924;URS0000EA1ED2;U47924;U47924.1/176113-176193 Human chromosome 12p13 sequence, complete sequence.;CCCTGGGTCCATCTTCCAGTACAGTGTTGGATGGTCTAATTGTGAAGCTCCTAACACTGTCTGGTAAAGATGGCTCCCGGG;RF00241.fa
61;AC098936;URS0000D6DF78;AC098936;AC098936.2/102185-102095 Homo sapiens chromosome 1 clone RP11-576D8, complete sequence.;CCACTCTGCTGTGGCCTATGGCTTTTCATTCCTATGTGATTGCTGTCCCAAACTCATGTAGGGCTAAAAGCCATGGGCTACAGTGAGGGGC;RF00246.fa
62;AC004477;URS0000EA4339;AC004477;AC004477.2/81383-81297 Homo sapiens chromosome 17, clone RP5-890E16, complete sequence.;TGTCCCCCCCGGCCCAGGTTCTGTGATACACTCCGACTCGGGCTCTGGAGCAGTCAGTGCATGACAGAACTTGGGCCCGGAAGGACC;RF00248.fa
63;AP000662;URS0000EA134F;AP000662;AP000662.4/36681-36763 Homo sapiens genomic DNA, chromosome 11q, clone:CMB9-33F16.;TGCTGGCCAGAGCTCTTTTCACATTGTGCTACTGTCTGCACCTGTCACTAGCAGTGCAATGTTAAAAGGGCATTGGCCGTGTA;RF00258.fa
64;AP000662;URS0000E9DC01;AP000662;AP000662.4/36681-36763 Homo sapiens genomic DNA, chromosome 11q, clone:CMB9-33F16.;TGCTGGCCAGAGCTCTTTTCACATTGTGCTACTGTCTGCACCTGTCACTAGCAGTGCAATGTTAAAAGGGCATTGGCCGTGTA;RF00258.fa
65;AL512272;URS0000EB053B;AL512272;AL512272.15/46660-46588 Human DNA sequence from clone RP11-310M21 on chromosome 10;AGGTTGTGATGAATTGCTTTAATTTCTGACACCTCATATGAAAGCTGCACTTGCAGTCTTGCAAGACAGGCTT;RF00271.fa
66;AL033518;URS0000E91DB8;AL033518;AL033518.14/62151-62080 Human DNA sequence from clone RP3-322I12 on chromosome 6p22.3-24.1 Contains the 3' end of the gene for a novel protein (contains KIAA1880 and FLJ32945) and two novel genes.;GGTCAATGATGTAATGGCATGTATTAGCTGAATCCAGAGTTGATATGAGTTCTAAAATTACACTGAAGCTGG;RF00279.fa
67;AC107390;URS0000E93E41;AC107390;AC107390.4/33836-33915 Homo sapiens BAC clone RP11-534O19 from 4, complete sequence.;TTGATCTACCTCTGATGAAACCTGTGTTGGTGGGGACATCTGAGAGTGTTGATGAATGCCAGTGACTCTGATAGAAAAAA;RF00284.fa
68;AC107390;URS0000EBA241;AC107390;AC107390.4/33836-33915 Homo sapiens BAC clone RP11-534O19 from 4, complete sequence.;TTGATCTACCTCTGATGAAACCTGTGTTGGTGGGGACATCTGAGAGTGTTGATGAATGCCAGTGACTCTGATAGAAAAAA;RF00284.fa
69;AC132192;URS0000EAF464;AC132192;AC132192.3/71957-71776 Homo sapiens chromosome 11, clone CTD-2371O3, complete sequence.;GCTGTAATGTGTGCATAGGTTTCATCTGTGTCTGGTAGCAGTGTCTGTCTGTGTTTTTCATTCAGATCTTGCTATCCACACAAACATCATGCGGCCAAAGAGTAACTTGGGATCATAGTACTGGTCTAGTGTTGTCTCTGGACACATCTACCACTGGCCAGCCTCCAAATTCCCACACACAG;RF00319.fa
70;AC132192;URS0000EAF52F;AC132192;AC132192.3/71957-71776 Homo sapiens chromosome 11, clone CTD-2371O3, complete sequence.;GCTGTAATGTGTGCATAGGTTTCATCTGTGTCTGGTAGCAGTGTCTGTCTGTGTTTTTCATTCAGATCTTGCTATCCACACAAACATCATGCGGCCAAAGAGTAACTTGGGATCATAGTACTGGTCTAGTGTTGTCTCTGGACACATCTACCACTGGCCAGCCTCCAAATTCCCACACACAG;RF00319.fa
71;AC132192;URS0000EAFB4F;AC132192;AC132192.3/71957-71776 Homo sapiens chromosome 11, clone CTD-2371O3, complete sequence.;GCTGTAATGTGTGCATAGGTTTCATCTGTGTCTGGTAGCAGTGTCTGTCTGTGTTTTTCATTCAGATCTTGCTATCCACACAAACATCATGCGGCCAAAGAGTAACTTGGGATCATAGTACTGGTCTAGTGTTGTCTCTGGACACATCTACCACTGGCCAGCCTCCAAATTCCCACACACAG;RF00319.fa
72;AC092123;URS0000D6D5F8;AC092123;AC092123.4/24307-24224 Homo sapiens chromosome 16 clone RP11-104N10, complete sequence.;TGATGACATTCTCCGGAATCGCTGTACGGCCTTGATGAAAGCACATTTGAACCCTTTTCCATCTGATTGCTGAGGCTTTTCATC;RF00324.fa
73;AC010538;URS0000EAEFF6;AC010538;AC010538.9/180240-180157 Homo sapiens chromosome 16 clone RP11-368I7, complete sequence.;TGATGACATTCTCCGGAATCGCTGTACGGCCTTGATGAAAGCACATTTGAACCCTTTTCCATCTGATTGCTGAGGCTTTTCATC;RF00324.fa
74;AC097720;URS0000EAEFC8;AC097720;AC097720.5/99784-99861 Homo sapiens BAC clone RP11-1422N15 from 2, complete sequence.;ATGCTATGATGACATCCATATGGTTTCGCTGCTGGCTGAGTTTCAGAGATGACACCTTTCTCTTGGCTGTCTGAGCAT;RF00325.fa
75;AC097720;URS0000EAEFC8;AC097720;AC097720.5/86381-86465 Homo sapiens BAC clone RP11-1422N15 from 2, complete sequence.;GTGCTGTGATGATGCCTTAATATTGTGGTTTCGACTCACTGAGAGTAAAATGAGGACCTACAATTCCTTGGCTGTGTCTGAGCAC;RF00325.fa
76;AC097720;URS0000EAB72F;AC097720;AC097720.5/99784-99861 Homo sapiens BAC clone RP11-1422N15 from 2, complete sequence.;ATGCTATGATGACATCCATATGGTTTCGCTGCTGGCTGAGTTTCAGAGATGACACCTTTCTCTTGGCTGTCTGAGCAT;RF00325.fa
77;AC097720;URS0000EAB72F;AC097720;AC097720.5/86381-86465 Homo sapiens BAC clone RP11-1422N15 from 2, complete sequence.;GTGCTGTGATGATGCCTTAATATTGTGGTTTCGACTCACTGAGAGTAAAATGAGGACCTACAATTCCTTGGCTGTGTCTGAGCAC;RF00325.fa
78;AC104360;URS0000EA3CE4;AC104360;AC104360.8/62127-61997 Homo sapiens chromosome 11, clone RP11-691A5, complete sequence.;GCCGAGACTAGAGTCACATCCTGACACAACTCTTGTCCTGGTGTGCTAGAGTACTCGAAGAGAATCTACTGGTCTTGATTCACTGGTGGGGGCAGTCGGTGCCCCCGTTAGTGCCCAGATCAGAAACATAC;RF00334.fa
79;AC104360;URS0000EAE94E;AC104360;AC104360.8/62127-61997 Homo sapiens chromosome 11, clone RP11-691A5, complete sequence.;GCCGAGACTAGAGTCACATCCTGACACAACTCTTGTCCTGGTGTGCTAGAGTACTCGAAGAGAATCTACTGGTCTTGATTCACTGGTGGGGGCAGTCGGTGCCCCCGTTAGTGCCCAGATCAGAAACATAC;RF00334.fa
80;AP001273;URS0000EB7278;AP001273;AP001273.4/3902-3830 Homo sapiens genomic DNA, chromosome 11q, clone:RP11-836D15.;CGATGTTATGATGATGGGCGAAATGTTCAACTGCTCTGAAGGGGCTGAATGAAAATGGCCTTTCTGAACATCC;RF00342.fa
81;AC076966;URS0000E9A41A;AC076966;AC076966.25/56587-56460 Homo sapiens 3 BAC RP11-245C23 (Roswell Park Cancer Institute Human BAC Library) complete sequence.;AGGTCACTTCAAAGAGGGCTTGTGGGGCTGTGAAACCAAGAGGTCTTAACAGTATGACCAAAAACTGAAGTTCTCTATAGGATGCTGTAGCACTCAATGGTGCTATGTTTTCCTCAGGAGATATGACT;RF00402.fa
82;AC076966;URS0000EA2CD8;AC076966;AC076966.25/56587-56460 Homo sapiens 3 BAC RP11-245C23 (Roswell Park Cancer Institute Human BAC Library) complete sequence.;AGGTCACTTCAAAGAGGGCTTGTGGGGCTGTGAAACCAAGAGGTCTTAACAGTATGACCAAAAACTGAAGTTCTCTATAGGATGCTGTAGCACTCAATGGTGCTATGTTTTCCTCAGGAGATATGACT;RF00402.fa
83;AC007383;URS0000E9410E;AC007383;AC007383.4/101218-101349 Homo sapiens BAC clone RP11-310K15 from 2, complete sequence.;TTCCACAGCTACTGGTCTGCAGCTGTTCTTATGGTAGCAGTTGTGGCATTCCTCTGTGGGAAAGAAACTGTTAACACAAACACCTCTTTCTTAGCAAAACAGAAAGTGGGTATATATGTGTGACAGACACAA;RF00403.fa
84;AC007383;URS0000EB9EE6;AC007383;AC007383.4/101218-101349 Homo sapiens BAC clone RP11-310K15 from 2, complete sequence.;TTCCACAGCTACTGGTCTGCAGCTGTTCTTATGGTAGCAGTTGTGGCATTCCTCTGTGGGAAAGAAACTGTTAACACAAACACCTCTTTCTTAGCAAAACAGAAAGTGGGTATATATGTGTGACAGACACAA;RF00403.fa
85;AC007383;URS0000EB1D2B;AC007383;AC007383.4/101218-101349 Homo sapiens BAC clone RP11-310K15 from 2, complete sequence.;TTCCACAGCTACTGGTCTGCAGCTGTTCTTATGGTAGCAGTTGTGGCATTCCTCTGTGGGAAAGAAACTGTTAACACAAACACCTCTTTCTTAGCAAAACAGAAAGTGGGTATATATGTGTGACAGACACAA;RF00403.fa
86;AC116348;URS0000E950D7;AC116348;AC116348.3/101703-101837 Homo sapiens chromosome 16 clone RP11-297C4, complete sequence.;GCATGGGTTTGGATTTATGATGGGCTGGATTCCCTAGGCCTCTCATAGTACCCCATGCCAGAGCAAACTGTAGCCCCAACCATTGCCGGGCCTCTATGCCTGTAGGCTGCTGGCACTGAAGTGGGTTGCACAGTA;RF00406.fa
87;AC116348;URS0000EA44E2;AC116348;AC116348.3/101703-101837 Homo sapiens chromosome 16 clone RP11-297C4, complete sequence.;GCATGGGTTTGGATTTATGATGGGCTGGATTCCCTAGGCCTCTCATAGTACCCCATGCCAGAGCAAACTGTAGCCCCAACCATTGCCGGGCCTCTATGCCTGTAGGCTGCTGGCACTGAAGTGGGTTGCACAGTA;RF00406.fa
88;AP000577;URS0000EA458B;AP000577;AP000577.5/69612-69474 Homo sapiens genomic DNA, chromosome 11 clone:CMB9-51L7, complete sequence.;GAGCTTCCAGGATCACCCCTGCAGAGTGGCTAATATTCTGCCAGCTTCGGAAAGGGAGGGGAAGCAAGCCTGGCAGAGGCACCCATTCCATTCCCAGCTTGCTTAGTAGCTGGCCATGGGAAGACACTGTGCAACACTG;RF00409.fa
89;AC079951;URS0000EBA309;AC079951;AC079951.35/115286-115150 Homo sapiens 12q BAC RP11-346L11 (Roswell Park Cancer Institute Human BAC Library) complete sequence.;GTGGCCCTGACTGAAGACCAGCAGTTGTACTGTGGCTGTTGGTTTCAAGCAGAGGCCTAAAGGACTGTCTTCCTGTGGTCTGTTGGCTGTTCTGGGACCTCAGTAGGGAATGGCTATTTCATTTGGAAGAAACAACC;RF00410.fa
90;AC079951;URS0000EBA309;AC079951;AC079951.35/117550-117416 Homo sapiens 12q BAC RP11-346L11 (Roswell Park Cancer Institute Human BAC Library) complete sequence.;TAGGCCCTGAATCAAGACCAATGGTTTGCTGTAGCTGTTGGTTTCAAACAGGAGCTAAGAGTGATGTCTTCCTTGTGGTCTGTTGGCTATTCAGTATTCCAGTGCGAATTGCCAATTCAGTTGGAAGAAACATAG;RF00410.fa
91;AC079951;URS0000EBA309;AC079951;AC079951.35/128361-128225 Homo sapiens 12q BAC RP11-346L11 (Roswell Park Cancer Institute Human BAC Library) complete sequence.;TTGGCCCTGAATCAAGGCCAGCAGTTTGCTGAAGCTGTTGGTTTCAAGCAGGAGCCTAAAGAATTGTCTTTCTATGGTCTGTTGGCCATTTCATAACTTTGGAAATGTAATGGTCAATTCATTAGAAAGAAACATGA;RF00410.fa
92;AC079951;URS0000E9C511;AC079951;AC079951.35/115286-115150 Homo sapiens 12q BAC RP11-346L11 (Roswell Park Cancer Institute Human BAC Library) complete sequence.;GTGGCCCTGACTGAAGACCAGCAGTTGTACTGTGGCTGTTGGTTTCAAGCAGAGGCCTAAAGGACTGTCTTCCTGTGGTCTGTTGGCTGTTCTGGGACCTCAGTAGGGAATGGCTATTTCATTTGGAAGAAACAACC;RF00410.fa
93;AC079951;URS0000E9C511;AC079951;AC079951.35/117550-117416 Homo sapiens 12q BAC RP11-346L11 (Roswell Park Cancer Institute Human BAC Library) complete sequence.;TAGGCCCTGAATCAAGACCAATGGTTTGCTGTAGCTGTTGGTTTCAAACAGGAGCTAAGAGTGATGTCTTCCTTGTGGTCTGTTGGCTATTCAGTATTCCAGTGCGAATTGCCAATTCAGTTGGAAGAAACATAG;RF00410.fa
94;AC079951;URS0000E9C511;AC079951;AC079951.35/128361-128225 Homo sapiens 12q BAC RP11-346L11 (Roswell Park Cancer Institute Human BAC Library) complete sequence.;TTGGCCCTGAATCAAGGCCAGCAGTTTGCTGAAGCTGTTGGTTTCAAGCAGGAGCCTAAAGAATTGTCTTTCTATGGTCTGTTGGCCATTTCATAACTTTGGAAATGTAATGGTCAATTCATTAGAAAGAAACATGA;RF00410.fa
95;AC079951;URS0000772FFD;AC079951;AC079951.35/115286-115150 Homo sapiens 12q BAC RP11-346L11 (Roswell Park Cancer Institute Human BAC Library) complete sequence.;GTGGCCCTGACTGAAGACCAGCAGTTGTACTGTGGCTGTTGGTTTCAAGCAGAGGCCTAAAGGACTGTCTTCCTGTGGTCTGTTGGCTGTTCTGGGACCTCAGTAGGGAATGGCTATTTCATTTGGAAGAAACAACC;RF00410.fa
96;AC079951;URS0000772FFD;AC079951;AC079951.35/117550-117416 Homo sapiens 12q BAC RP11-346L11 (Roswell Park Cancer Institute Human BAC Library) complete sequence.;TAGGCCCTGAATCAAGACCAATGGTTTGCTGTAGCTGTTGGTTTCAAACAGGAGCTAAGAGTGATGTCTTCCTTGTGGTCTGTTGGCTATTCAGTATTCCAGTGCGAATTGCCAATTCAGTTGGAAGAAACATAG;RF00410.fa
97;AC079951;URS0000772FFD;AC079951;AC079951.35/128361-128225 Homo sapiens 12q BAC RP11-346L11 (Roswell Park Cancer Institute Human BAC Library) complete sequence.;TTGGCCCTGAATCAAGGCCAGCAGTTTGCTGAAGCTGTTGGTTTCAAGCAGGAGCCTAAAGAATTGTCTTTCTATGGTCTGTTGGCCATTTCATAACTTTGGAAATGTAATGGTCAATTCATTAGAAAGAAACATGA;RF00410.fa
98;AC117503;URS0000EBE5ED;AC117503;AC117503.8/209801-209669 Homo sapiens 12 BAC RP11-338K17 (Roswell Park Cancer Institute Human BAC Library) complete sequence.;TAGCAAGCCTCCAGCGTGCTTGGGTCTGCAGTGACCCCGTGGATTCCTACAGGGCTTGCCAGAACAGTTTTGAAATGGTTTGAGGCCTTGCCGTGCTCCATGTAGAGCAAGGTTATAGAAATTTCAGACAATG;RF00411.fa
99;AL355598;URS0000EC08DB;AL355598;AL355598.26/27295-27168 Human DNA sequence from clone RP11-435O11 on chromosome 10 Contains the EIF3S10 gene for eukaryotic translation initiation factor 3, subunit 10 theta, 150/170kDa, the gene for a novel protein similar to uncharacterized hypothalamus protein;GTGCACATTTCATTGACCTGCTTTCTTTTATGTGAGTAGTGTTATTTCTTATGTGCTATACAAATAATTGAAGGCTAATTAGCAGTATAACTATAAATAGTAATGCTGCCAGTCTCCTTCAGACAAAA;RF00413.fa
100;AC092579;URS0000EBB917;AC092579;AC092579.3/114744-114881 Homo sapiens BAC clone RP11-15K19 from 7, complete sequence.;TTGCACAGTGAACACCCAAGTGTGCTTTATAGTTCCCTTGGCTTTGACCCTGTGCTAGAGCATTCATTACCTGTTCATCTGCTCTGCATTGAAAGGAATATTTGTCCTTTTAAATGTATTCAGAAAGCCAGCACATTA;RF00414.fa
101;AC034186;URS0000EB2C82;AC034186;AC034186.5/119166-119029 Homo sapiens chromosome 3 clone RP11-19E8 map 3p, complete sequence.;GCTGTCCTGGACCTGCCAGCTGCACAGATGCAGATGCTCTGCTATGCCTGTAACATCGGGGCGAAGTGAAAGTGGCTATTTCTACACTCAGTGTTCAGAAAACACTGAACAACAAGAATGGATAATAGCCTGACATTT;RF00416.fa
102;AC034186;URS0000EA2679;AC034186;AC034186.5/119166-119029 Homo sapiens chromosome 3 clone RP11-19E8 map 3p, complete sequence.;GCTGTCCTGGACCTGCCAGCTGCACAGATGCAGATGCTCTGCTATGCCTGTAACATCGGGGCGAAGTGAAAGTGGCTATTTCTACACTCAGTGTTCAGAAAACACTGAACAACAAGAATGGATAATAGCCTGACATTT;RF00416.fa
103;AC011120;URS0000E9CBFE;AC011120;AC011120.11/127524-127388 Homo sapiens chromosome 17, clone RP11-171G2, complete sequence.;CAGACATTCATTTTTATCCAGTTTCTTCTCAAAGTGAAGATAACTTTTTGTAAATGTCCTAAAGTCATGTAGAATGTAGTAGCTTTCTGTTCACACTGTACAAATAAAAAGGATGGATCATTCTACAACTGACATTA;RF00422.fa
104;AC011120;URS0000EBA0F5;AC011120;AC011120.11/127524-127388 Homo sapiens chromosome 17, clone RP11-171G2, complete sequence.;CAGACATTCATTTTTATCCAGTTTCTTCTCAAAGTGAAGATAACTTTTTGTAAATGTCCTAAAGTCATGTAGAATGTAGTAGCTTTCTGTTCACACTGTACAAATAAAAAGGATGGATCATTCTACAACTGACATTA;RF00422.fa
105;AC093157;URS0000E9F0F6;AC093157;AC093157.2/150637-150823 Homo sapiens chromosome 1 clone RP11-421L21, complete sequence.;ATGGTCTTGGGAAAGGCTCCTGTGTTGTTGAACCTGCTCAGTTGTGGGTGCAGCCTTGTACCAGGCAGCCCAACCCTGACCTAAAGTAAATTCCCAGGAAAAGTCTTTCCTAGGTTGTGAATTTGCAGTAATAGGTGTGTGCATCCTAGCAGCAGTTTGATGATCATGTATGAAACTGCAAACAGGA;RF00424.fa
106;AP002008;URS0000E9F822;AP002008;AP002008.5/124182-124265 Homo sapiens genomic DNA, chromosome 11q clone:RP11-794P6, complete sequences.;GTGCTCGGTTTGTAGGCAGTGTCATTAGCTGATTGTACTGTGGTGGTTACAATCACTAACTCCACTGCCATCAAAACAAGGCAC;RF00456.fa
107;AP002008;URS0000E9F822;AP002008;AP002008.5/124682-124761 Homo sapiens genomic DNA, chromosome 11q clone:RP11-794P6, complete sequences.;GAGTCTAGTTACTAGGCAGTGTAGTTAGCTGATTGCTAATAGTACCAATCACTAACCACACGGCCAGGTAAAAAGATTTG;RF00456.fa
108;AC013726;URS0000EB31AD;AC013726;AC013726.7/131686-131422 Homo sapiens BAC clone RP11-400N9 from 2, complete sequence.;GGTCAATGATGAATGGTAAAAGGTCTGAGTCCTCAGATCCCCTCCCGGCATCCCAGTTATCCCCAGCTGCCTCTCCTCCATCGCACTTCAGAAGTGCTGCGATGGGCAGAAGGGCAGCTGACACTCCGTGATGTCCCTCATTCTGTGTTCCTCCGTGAGCTCAGGGAAGACACTGGTTGGCATCCAACAGCTTAGTCACAAAGGGATTTGATTGTTGGGAGTGCTGGTATCTGTGGCTATGATCTGCCTTGTTCAAGCTGAGACC;RF00478.fa
109;AL139098;URS0000EAAAD2;AL139098;AL139098.15/101807-102006 Human DNA sequence from clone RP1-276J11 on chromosome 6 Contains the 5' end of the gene for a novel protein, a ribosomal protein S15 (RPS15) pseudogene, a putative novel gene and the GJA1 gene for gap junction protein, alpha 1, 43 kD (conn;AGCTTTTACGAGGTATCAGCACTTTTCTTTCATTAGGGGGAAGGCGTGAGGAAAGTACCAAACAGCAGCGGAGTTTTAAACTTTAAATAGACAGGTCTGAGTGCCTGAACTTGCCTTTTCATTTTACTTCATCCTCCAAGGAGTTCAATCACTTGGCGTGACTTCACTACTTTTAAGCAAAAGAGTAAGTTTTTAAAAAA;RF00487.fa
110;AL662834;URS0000DB9437;AL662834;AL662834.8/79426-79645 Human DNA sequence from clone CH502-40G17 on chromosome 6;ATAACGGCTAGCCTGAGGAGCTGCTGCGACAGTCCACTACCTTTTTCGAGAGTGACTCCCGTTGTCCCAAGGCTTCCCAGAGCGAACCTGTGCGGCTGCAGGCACCGGCGCGTCGAGTTTCCGGCGTCCGGAAGGACCGAGCTCTTCTCGCGGATCCAGTGTTCCGTTTCCAGCCCCCAATCTCAGAGCCGAGCCGACAGAGAGCAGGGAACCGGCATGG;RF00495.fa
111;AL662834;URS0000DB830E;AL662834;AL662834.8/79426-79645 Human DNA sequence from clone CH502-40G17 on chromosome 6;ATAACGGCTAGCCTGAGGAGCTGCTGCGACAGTCCACTACCTTTTTCGAGAGTGACTCCCGTTGTCCCAAGGCTTCCCAGAGCGAACCTGTGCGGCTGCAGGCACCGGCGCGTCGAGTTTCCGGCGTCCGGAAGGACCGAGCTCTTCTCGCGGATCCAGTGTTCCGTTTCCAGCCCCCAATCTCAGAGCCGAGCCGACAGAGAGCAGGGAACCGGCATGG;RF00495.fa
112;AL662834;URS0000DB6BEA;AL662834;AL662834.8/79426-79645 Human DNA sequence from clone CH502-40G17 on chromosome 6;ATAACGGCTAGCCTGAGGAGCTGCTGCGACAGTCCACTACCTTTTTCGAGAGTGACTCCCGTTGTCCCAAGGCTTCCCAGAGCGAACCTGTGCGGCTGCAGGCACCGGCGCGTCGAGTTTCCGGCGTCCGGAAGGACCGAGCTCTTCTCGCGGATCCAGTGTTCCGTTTCCAGCCCCCAATCTCAGAGCCGAGCCGACAGAGAGCAGGGAACCGGCATGG;RF00495.fa
113;AL662834;URS0000DB6ECC;AL662834;AL662834.8/79426-79645 Human DNA sequence from clone CH502-40G17 on chromosome 6;ATAACGGCTAGCCTGAGGAGCTGCTGCGACAGTCCACTACCTTTTTCGAGAGTGACTCCCGTTGTCCCAAGGCTTCCCAGAGCGAACCTGTGCGGCTGCAGGCACCGGCGCGTCGAGTTTCCGGCGTCCGGAAGGACCGAGCTCTTCTCGCGGATCCAGTGTTCCGTTTCCAGCCCCCAATCTCAGAGCCGAGCCGACAGAGAGCAGGGAACCGGCATGG;RF00495.fa
114;AL662834;URS0000DB6F39;AL662834;AL662834.8/79426-79645 Human DNA sequence from clone CH502-40G17 on chromosome 6;ATAACGGCTAGCCTGAGGAGCTGCTGCGACAGTCCACTACCTTTTTCGAGAGTGACTCCCGTTGTCCCAAGGCTTCCCAGAGCGAACCTGTGCGGCTGCAGGCACCGGCGCGTCGAGTTTCCGGCGTCCGGAAGGACCGAGCTCTTCTCGCGGATCCAGTGTTCCGTTTCCAGCCCCCAATCTCAGAGCCGAGCCGACAGAGAGCAGGGAACCGGCATGG;RF00495.fa
115;AL662834;URS0000DBB57F;AL662834;AL662834.8/79426-79645 Human DNA sequence from clone CH502-40G17 on chromosome 6;ATAACGGCTAGCCTGAGGAGCTGCTGCGACAGTCCACTACCTTTTTCGAGAGTGACTCCCGTTGTCCCAAGGCTTCCCAGAGCGAACCTGTGCGGCTGCAGGCACCGGCGCGTCGAGTTTCCGGCGTCCGGAAGGACCGAGCTCTTCTCGCGGATCCAGTGTTCCGTTTCCAGCCCCCAATCTCAGAGCCGAGCCGACAGAGAGCAGGGAACCGGCATGG;RF00495.fa
116;AL662834;URS0000DB75BB;AL662834;AL662834.8/79426-79645 Human DNA sequence from clone CH502-40G17 on chromosome 6;ATAACGGCTAGCCTGAGGAGCTGCTGCGACAGTCCACTACCTTTTTCGAGAGTGACTCCCGTTGTCCCAAGGCTTCCCAGAGCGAACCTGTGCGGCTGCAGGCACCGGCGCGTCGAGTTTCCGGCGTCCGGAAGGACCGAGCTCTTCTCGCGGATCCAGTGTTCCGTTTCCAGCCCCCAATCTCAGAGCCGAGCCGACAGAGAGCAGGGAACCGGCATGG;RF00495.fa
117;AL662834;URS0000DB9534;AL662834;AL662834.8/79426-79645 Human DNA sequence from clone CH502-40G17 on chromosome 6;ATAACGGCTAGCCTGAGGAGCTGCTGCGACAGTCCACTACCTTTTTCGAGAGTGACTCCCGTTGTCCCAAGGCTTCCCAGAGCGAACCTGTGCGGCTGCAGGCACCGGCGCGTCGAGTTTCCGGCGTCCGGAAGGACCGAGCTCTTCTCGCGGATCCAGTGTTCCGTTTCCAGCCCCCAATCTCAGAGCCGAGCCGACAGAGAGCAGGGAACCGGCATGG;RF00495.fa
118;AL662834;URS0001962C0B;AL662834;AL662834.8/79426-79645 Human DNA sequence from clone CH502-40G17 on chromosome 6;ATAACGGCTAGCCTGAGGAGCTGCTGCGACAGTCCACTACCTTTTTCGAGAGTGACTCCCGTTGTCCCAAGGCTTCCCAGAGCGAACCTGTGCGGCTGCAGGCACCGGCGCGTCGAGTTTCCGGCGTCCGGAAGGACCGAGCTCTTCTCGCGGATCCAGTGTTCCGTTTCCAGCCCCCAATCTCAGAGCCGAGCCGACAGAGAGCAGGGAACCGGCATGG;RF00495.fa
119;AL020997;URS0000E9B8AC;AL020997;AL020997.1/124636-124801 Human DNA sequence from clone RP3-426I6 on chromosome 1p34.1-35 Contains the gene for a novel protein novel protein (MGC34648), a novel pseudogene, a ribulose-5-phosphate-3-epimerase (RPE) pseudogene, the STX12 gene for syntaxin 12 and the;CAGCACTTGATACTAACCGAGCTGTCTATATCCTAGCCTTGTGTCAAAGGCTTGTGATGTGTTGTGATAGCTGGGTTTAAGAAGTGCAATATTAAAACAAAAGCCATGAGTCTTTTAAGCCCAGTGTGTAAAGATACACTCTGAGTTATAACTCAGAGGCACAACT;RF00553.fa
120;AC130462;URS00003F40D7;AC130462;AC130462.3/180762-180896 Homo sapiens chromosome 16 clone CTA-67A1, complete sequence.;TGTCCTTGACTTGGGTAGAGTGATGTCTGGTTGGTGCTGCCTATCTCATATAAGCCAGGGACAAATCAATGCCTTATTTATTCCAGCTTGGCTTTTGGTCTGTGCCCATACCTGGTTTATGCCTTGGACACATGG;RF00554.fa
121;AC130462;URS0000EABA58;AC130462;AC130462.3/180762-180896 Homo sapiens chromosome 16 clone CTA-67A1, complete sequence.;TGTCCTTGACTTGGGTAGAGTGATGTCTGGTTGGTGCTGCCTATCTCATATAAGCCAGGGACAAATCAATGCCTTATTTATTCCAGCTTGGCTTTTGGTCTGTGCCCATACCTGGTTTATGCCTTGGACACATGG;RF00554.fa
122;AC073149;URS0000E9CB7F;AC073149;AC073149.5/38723-38590 Homo sapiens BAC clone RP11-803F15 from 2, complete sequence.;TGTTCTGACATGGGAAGAGTAGCTTCTGGTTGGTGGAGCCCATCTCACATTAGCCAGAGACAAAGCAACACCTTGTTTATCCCGGCTTGGCTTTTGGCCTGTGTCCATGACTGGTCCATACCTTGGACACATGG;RF00554.fa
123;AC073149;URS0000EA2914;AC073149;AC073149.5/38723-38590 Homo sapiens BAC clone RP11-803F15 from 2, complete sequence.;TGTTCTGACATGGGAAGAGTAGCTTCTGGTTGGTGGAGCCCATCTCACATTAGCCAGAGACAAAGCAACACCTTGTTTATCCCGGCTTGGCTTTTGGCCTGTGTCCATGACTGGTCCATACCTTGGACACATGG;RF00554.fa
124;AC073149;URS0000EA81B8;AC073149;AC073149.5/38723-38590 Homo sapiens BAC clone RP11-803F15 from 2, complete sequence.;TGTTCTGACATGGGAAGAGTAGCTTCTGGTTGGTGGAGCCCATCTCACATTAGCCAGAGACAAAGCAACACCTTGTTTATCCCGGCTTGGCTTTTGGCCTGTGTCCATGACTGGTCCATACCTTGGACACATGG;RF00554.fa
125;AC073149;URS0000EBB27F;AC073149;AC073149.5/38723-38590 Homo sapiens BAC clone RP11-803F15 from 2, complete sequence.;TGTTCTGACATGGGAAGAGTAGCTTCTGGTTGGTGGAGCCCATCTCACATTAGCCAGAGACAAAGCAACACCTTGTTTATCCCGGCTTGGCTTTTGGCCTGTGTCCATGACTGGTCCATACCTTGGACACATGG;RF00554.fa
126;AC016876;URS0000EA0B19;AC016876;AC016876.10/19660-19526 Homo sapiens chromosome 17, clone RP11-186B7, complete sequence.;TGTCCCTGACCTGGGTAGAGTGGCATCTGGTTGGTGATGCCCATCTCATATCAGCCAGGGACAAAGCAACTCCTTGTTCATCCCAGCTTGGCTTTTGATCCGTGCCCATGCCTGGTTCATGCCTTGGACACATAG;RF00554.fa
127;AC016876;URS0000EC1023;AC016876;AC016876.10/19660-19526 Homo sapiens chromosome 17, clone RP11-186B7, complete sequence.;TGTCCCTGACCTGGGTAGAGTGGCATCTGGTTGGTGATGCCCATCTCATATCAGCCAGGGACAAAGCAACTCCTTGTTCATCCCAGCTTGGCTTTTGATCCGTGCCCATGCCTGGTTCATGCCTTGGACACATAG;RF00554.fa
128;AC016876;URS0000EA4796;AC016876;AC016876.10/19660-19526 Homo sapiens chromosome 17, clone RP11-186B7, complete sequence.;TGTCCCTGACCTGGGTAGAGTGGCATCTGGTTGGTGATGCCCATCTCATATCAGCCAGGGACAAAGCAACTCCTTGTTCATCCCAGCTTGGCTTTTGATCCGTGCCCATGCCTGGTTCATGCCTTGGACACATAG;RF00554.fa
129;AC020602;URS0000EA5C20;AC020602;AC020602.6/136573-136700 Homo sapiens BAC clone RP11-461M18 from 2, complete sequence.;TGCACTTATGTATGTTTTTGTTTAACTTGTGGACAAAGACTTATGGATAGGTGCAAAAAATAAATCCTCTTTTGCAACCCAGAACTCATTGTTCAGTATGAGTTTTGATACATATAAGAAGGGATATT;RF00561.fa
130;AC020602;URS0000E934C6;AC020602;AC020602.6/136573-136700 Homo sapiens BAC clone RP11-461M18 from 2, complete sequence.;TGCACTTATGTATGTTTTTGTTTAACTTGTGGACAAAGACTTATGGATAGGTGCAAAAAATAAATCCTCTTTTGCAACCCAGAACTCATTGTTCAGTATGAGTTTTGATACATATAAGAAGGGATATT;RF00561.fa
131;AC055866;URS0000EBC631;AC055866;AC055866.19/124993-124866 Homo sapiens chromosome 17, clone RP11-376M2, complete sequence.;TGCACTTATGTATGTTTTTGTTTAACTTGTGGACAAAGACTTATGGATAGGTGCAACAAATAAATCCTCTTTTGCAACCCAGAACTCATTGTTCAGCATGAGTTTTGATACATACAGGAAGGGATATT;RF00561.fa
132;AC006064;URS00008C1D83;AC006064;AC006064.10/138690-138555 Homo sapiens 12 PAC RP5-940J5 (Roswell Park Cancer Institute Human PAC Library) complete sequence.;TTGTCCTGGCCTATTTTTCTGCTCCCCTGTGCTCAGTTCTAACAGGGTAGTCTGGCAGGACACACAGCAATTCCCTCTCAGTTTAGGAGGGCCGTCCTAAGAATAGGGCTGGCTCTTAAAGGCACGAGAGGACAAT;RF00564.fa
133;AC006064;URS0000D6E361;AC006064;AC006064.10/138690-138555 Homo sapiens 12 PAC RP5-940J5 (Roswell Park Cancer Institute Human PAC Library) complete sequence.;TTGTCCTGGCCTATTTTTCTGCTCCCCTGTGCTCAGTTCTAACAGGGTAGTCTGGCAGGACACACAGCAATTCCCTCTCAGTTTAGGAGGGCCGTCCTAAGAATAGGGCTGGCTCTTAAAGGCACGAGAGGACAAT;RF00564.fa
134;AC006064;URS0000EA44C8;AC006064;AC006064.10/138690-138555 Homo sapiens 12 PAC RP5-940J5 (Roswell Park Cancer Institute Human PAC Library) complete sequence.;TTGTCCTGGCCTATTTTTCTGCTCCCCTGTGCTCAGTTCTAACAGGGTAGTCTGGCAGGACACACAGCAATTCCCTCTCAGTTTAGGAGGGCCGTCCTAAGAATAGGGCTGGCTCTTAAAGGCACGAGAGGACAAT;RF00564.fa
135;AC006064;URS0000EB6E35;AC006064;AC006064.10/138690-138555 Homo sapiens 12 PAC RP5-940J5 (Roswell Park Cancer Institute Human PAC Library) complete sequence.;TTGTCCTGGCCTATTTTTCTGCTCCCCTGTGCTCAGTTCTAACAGGGTAGTCTGGCAGGACACACAGCAATTCCCTCTCAGTTTAGGAGGGCCGTCCTAAGAATAGGGCTGGCTCTTAAAGGCACGAGAGGACAAT;RF00564.fa
136;AC006064;URS0000EA7F7A;AC006064;AC006064.10/138690-138555 Homo sapiens 12 PAC RP5-940J5 (Roswell Park Cancer Institute Human PAC Library) complete sequence.;TTGTCCTGGCCTATTTTTCTGCTCCCCTGTGCTCAGTTCTAACAGGGTAGTCTGGCAGGACACACAGCAATTCCCTCTCAGTTTAGGAGGGCCGTCCTAAGAATAGGGCTGGCTCTTAAAGGCACGAGAGGACAAT;RF00564.fa
137;AL121585;URS0000EAFC85;AL121585;AL121585.22/69574-69338 Human DNA sequence from clone RP11-504H3 on chromosome 20 Contains gene SNX5 for sorting nexin 5, the C20orf72 gene, the PTMAP3 gene for PTMA (prothymosin, alpha) pseudogene 3, the 3' end of the ZNF339 gene for zinc finger protein 339 and t;GTGAAATGATGATTCAGTTTATCCATTCGCTGAGTGCGCTGCACTGACCTTCTTCCAAGCCTCAGTTCCTGTTCTAGGAACTTGAGGCTATGTAGCCTGAAAATGCCCTGCAGTCTGCAGTGTTCTACTGTGAACTGCTTGTGTGTTGGCAGGCTACCGGTAAGAATGGTTGGTGTCAGCAGGGACGGGGCCCTCTGAGACCCATCTCACAAAGATGAGTGGTGAAAATCTGATCAC;RF00567.fa
138;AL121585;URS00008BCE33;AL121585;AL121585.22/69574-69338 Human DNA sequence from clone RP11-504H3 on chromosome 20 Contains gene SNX5 for sorting nexin 5, the C20orf72 gene, the PTMAP3 gene for PTMA (prothymosin, alpha) pseudogene 3, the 3' end of the ZNF339 gene for zinc finger protein 339 and t;GTGAAATGATGATTCAGTTTATCCATTCGCTGAGTGCGCTGCACTGACCTTCTTCCAAGCCTCAGTTCCTGTTCTAGGAACTTGAGGCTATGTAGCCTGAAAATGCCCTGCAGTCTGCAGTGTTCTACTGTGAACTGCTTGTGTGTTGGCAGGCTACCGGTAAGAATGGTTGGTGTCAGCAGGGACGGGGCCCTCTGAGACCCATCTCACAAAGATGAGTGGTGAAAATCTGATCAC;RF00567.fa
139;AL121585;URS00008BDEB0;AL121585;AL121585.22/69574-69338 Human DNA sequence from clone RP11-504H3 on chromosome 20 Contains gene SNX5 for sorting nexin 5, the C20orf72 gene, the PTMAP3 gene for PTMA (prothymosin, alpha) pseudogene 3, the 3' end of the ZNF339 gene for zinc finger protein 339 and t;GTGAAATGATGATTCAGTTTATCCATTCGCTGAGTGCGCTGCACTGACCTTCTTCCAAGCCTCAGTTCCTGTTCTAGGAACTTGAGGCTATGTAGCCTGAAAATGCCCTGCAGTCTGCAGTGTTCTACTGTGAACTGCTTGTGTGTTGGCAGGCTACCGGTAAGAATGGTTGGTGTCAGCAGGGACGGGGCCCTCTGAGACCCATCTCACAAAGATGAGTGGTGAAAATCTGATCAC;RF00567.fa
140;AL050343;URS0000E9FD76;AL050343;AL050343.17/107475-107596 Human DNA sequence from clone RP4-657D16 on chromosome 1p32.2-34.2 Contains the 3' end of the OSBPL9 gene for oxysterol binding protein-like 9, a glyceraldehyde-3-phosphate dehydrogenase (GAPD) pseudogene, a solute carrier family 25 (mitoch;GTGCCCTTTTAAGGTTGACGCAGTGCTTTAAGGGGCTAACACAGAAGGGTAAAGGAAGTCTCCATAAACCCCAGAGAAGAGATTGTAAAGCTCCTCTTTAGAACCTTTCTGGAGTCACACCT;RF00568.fa
141;AL050343;URS0000EACA05;AL050343;AL050343.17/107475-107596 Human DNA sequence from clone RP4-657D16 on chromosome 1p32.2-34.2 Contains the 3' end of the OSBPL9 gene for oxysterol binding protein-like 9, a glyceraldehyde-3-phosphate dehydrogenase (GAPD) pseudogene, a solute carrier family 25 (mitoch;GTGCCCTTTTAAGGTTGACGCAGTGCTTTAAGGGGCTAACACAGAAGGGTAAAGGAAGTCTCCATAAACCCCAGAGAAGAGATTGTAAAGCTCCTCTTTAGAACCTTTCTGGAGTCACACCT;RF00568.fa
142;AL050343;URS0000EA5BFA;AL050343;AL050343.17/107475-107596 Human DNA sequence from clone RP4-657D16 on chromosome 1p32.2-34.2 Contains the 3' end of the OSBPL9 gene for oxysterol binding protein-like 9, a glyceraldehyde-3-phosphate dehydrogenase (GAPD) pseudogene, a solute carrier family 25 (mitoch;GTGCCCTTTTAAGGTTGACGCAGTGCTTTAAGGGGCTAACACAGAAGGGTAAAGGAAGTCTCCATAAACCCCAGAGAAGAGATTGTAAAGCTCCTCTTTAGAACCTTTCTGGAGTCACACCT;RF00568.fa
143;AL050343;URS0000E9777A;AL050343;AL050343.17/107475-107596 Human DNA sequence from clone RP4-657D16 on chromosome 1p32.2-34.2 Contains the 3' end of the OSBPL9 gene for oxysterol binding protein-like 9, a glyceraldehyde-3-phosphate dehydrogenase (GAPD) pseudogene, a solute carrier family 25 (mitoch;GTGCCCTTTTAAGGTTGACGCAGTGCTTTAAGGGGCTAACACAGAAGGGTAAAGGAAGTCTCCATAAACCCCAGAGAAGAGATTGTAAAGCTCCTCTTTAGAACCTTTCTGGAGTCACACCT;RF00568.fa
144;AL050343;URS0000EA93BE;AL050343;AL050343.17/107475-107596 Human DNA sequence from clone RP4-657D16 on chromosome 1p32.2-34.2 Contains the 3' end of the OSBPL9 gene for oxysterol binding protein-like 9, a glyceraldehyde-3-phosphate dehydrogenase (GAPD) pseudogene, a solute carrier family 25 (mitoch;GTGCCCTTTTAAGGTTGACGCAGTGCTTTAAGGGGCTAACACAGAAGGGTAAAGGAAGTCTCCATAAACCCCAGAGAAGAGATTGTAAAGCTCCTCTTTAGAACCTTTCTGGAGTCACACCT;RF00568.fa
145;AC104446;URS0000EA40B0;AC104446;AC104446.2/142013-142080 Homo sapiens chromosome 3 clone RP11-447A21, complete sequence.;GAGGTACGAGGAAACAGTCTGATAGTCACTGAAGACTGATTAGATCCAACTCTGATCTCAGCAAAGCC;RF00569.fa
146;AC104446;URS0000EBB5F6;AC104446;AC104446.2/142013-142080 Homo sapiens chromosome 3 clone RP11-447A21, complete sequence.;GAGGTACGAGGAAACAGTCTGATAGTCACTGAAGACTGATTAGATCCAACTCTGATCTCAGCAAAGCC;RF00569.fa
147;AC104446;URS0000EAECFB;AC104446;AC104446.2/142013-142080 Homo sapiens chromosome 3 clone RP11-447A21, complete sequence.;GAGGTACGAGGAAACAGTCTGATAGTCACTGAAGACTGATTAGATCCAACTCTGATCTCAGCAAAGCC;RF00569.fa
148;AC104446;URS0000EA3B97;AC104446;AC104446.2/142013-142080 Homo sapiens chromosome 3 clone RP11-447A21, complete sequence.;GAGGTACGAGGAAACAGTCTGATAGTCACTGAAGACTGATTAGATCCAACTCTGATCTCAGCAAAGCC;RF00569.fa
149;AC104446;URS0000EA7176;AC104446;AC104446.2/142013-142080 Homo sapiens chromosome 3 clone RP11-447A21, complete sequence.;GAGGTACGAGGAAACAGTCTGATAGTCACTGAAGACTGATTAGATCCAACTCTGATCTCAGCAAAGCC;RF00569.fa
150;AC104446;URS0000E9C59F;AC104446;AC104446.2/142013-142080 Homo sapiens chromosome 3 clone RP11-447A21, complete sequence.;GAGGTACGAGGAAACAGTCTGATAGTCACTGAAGACTGATTAGATCCAACTCTGATCTCAGCAAAGCC;RF00569.fa
151;AC104446;URS0000E9CEBE;AC104446;AC104446.2/142013-142080 Homo sapiens chromosome 3 clone RP11-447A21, complete sequence.;GAGGTACGAGGAAACAGTCTGATAGTCACTGAAGACTGATTAGATCCAACTCTGATCTCAGCAAAGCC;RF00569.fa
152;AC078797;URS0000EB7F19;AC078797;AC078797.20/67061-67136 Homo sapiens 3 BAC RP11-125E8 (Roswell Park Cancer Institute Human BAC Library) complete sequence.;TTCCTCTGATGACTTCCTGTTAGTGCCACGTGTCTGGGCCACTGAGACACCATGATGGAACTGAGGATCTGAGGAA;RF00572.fa
153;AC104446;URS0000EA40B0;AC104446;AC104446.2/145501-145577 Homo sapiens chromosome 3 clone RP11-447A21, complete sequence.;AATGTGAAGCAAATGATGATAAACTGGATCTGACTGACTGTGCTGAGTCTGTTCAATCCAACCCTGAGCTTCATGTT;RF00574.fa
154;AC104446;URS0000EBB5F6;AC104446;AC104446.2/145501-145577 Homo sapiens chromosome 3 clone RP11-447A21, complete sequence.;AATGTGAAGCAAATGATGATAAACTGGATCTGACTGACTGTGCTGAGTCTGTTCAATCCAACCCTGAGCTTCATGTT;RF00574.fa
155;AC104446;URS0000EAECFB;AC104446;AC104446.2/145501-145577 Homo sapiens chromosome 3 clone RP11-447A21, complete sequence.;AATGTGAAGCAAATGATGATAAACTGGATCTGACTGACTGTGCTGAGTCTGTTCAATCCAACCCTGAGCTTCATGTT;RF00574.fa
156;AC104446;URS0000EA3B97;AC104446;AC104446.2/145501-145577 Homo sapiens chromosome 3 clone RP11-447A21, complete sequence.;AATGTGAAGCAAATGATGATAAACTGGATCTGACTGACTGTGCTGAGTCTGTTCAATCCAACCCTGAGCTTCATGTT;RF00574.fa
157;AC104446;URS0000EA7176;AC104446;AC104446.2/145501-145577 Homo sapiens chromosome 3 clone RP11-447A21, complete sequence.;AATGTGAAGCAAATGATGATAAACTGGATCTGACTGACTGTGCTGAGTCTGTTCAATCCAACCCTGAGCTTCATGTT;RF00574.fa
158;AC104446;URS0000E9C59F;AC104446;AC104446.2/145501-145577 Homo sapiens chromosome 3 clone RP11-447A21, complete sequence.;AATGTGAAGCAAATGATGATAAACTGGATCTGACTGACTGTGCTGAGTCTGTTCAATCCAACCCTGAGCTTCATGTT;RF00574.fa
159;AC104446;URS0000E9CEBE;AC104446;AC104446.2/145501-145577 Homo sapiens chromosome 3 clone RP11-447A21, complete sequence.;AATGTGAAGCAAATGATGATAAACTGGATCTGACTGACTGTGCTGAGTCTGTTCAATCCAACCCTGAGCTTCATGTT;RF00574.fa
160;AC064836;URS0000EA82EC;AC064836;AC064836.7/16842-16926 Homo sapiens BAC clone RP11-686O6 from 2, complete sequence.;TTCAATGTTGTCAATGATGCATTCTTATTGGAACTGAATTTAAGTGATCTGACTCATTCGTCACTACCACTGAGACAACATTGAG;RF00575.fa
161;AC064836;URS0000EA82EC;AC064836;AC064836.7/15165-15252 Homo sapiens BAC clone RP11-686O6 from 2, complete sequence.;TTCGTTGTTGTCAATGATGTATTCTTCTTGGAACTGAATCTAAGTGATCTGACTCAATATTCGTCACTACCACTGAGACAACGATGAA;RF00575.fa
162;AC010653;URS0000E9E1D3;AC010653;AC010653.10/104059-104144 Homo sapiens chromosome 16 clone RP11-417N10, complete sequence.;TGTGTGTTGGAGGATGAAAGTACGGAGTGATCCATCGGCTAAGTGTCTTGTCACAATGCTGACACTCAAACTGCTGACAGCACACG;RF00576.fa
163;AC010653;URS0000E9C5CB;AC010653;AC010653.10/104059-104144 Homo sapiens chromosome 16 clone RP11-417N10, complete sequence.;TGTGTGTTGGAGGATGAAAGTACGGAGTGATCCATCGGCTAAGTGTCTTGTCACAATGCTGACACTCAAACTGCTGACAGCACACG;RF00576.fa
164;AC010653;URS0000EA0516;AC010653;AC010653.10/104059-104144 Homo sapiens chromosome 16 clone RP11-417N10, complete sequence.;TGTGTGTTGGAGGATGAAAGTACGGAGTGATCCATCGGCTAAGTGTCTTGTCACAATGCTGACACTCAAACTGCTGACAGCACACG;RF00576.fa
165;AC007066;URS0000E91781;AC007066;AC007066.4/164512-164622 Homo sapiens chromosome 9, clone hRPK.355_O_1, complete sequence.;TTATAAGTTTTCTAAGTGTCTAATGATGAATTTCATAGGGCAGATTCTGAGGTGAAAATTTAATTCATCACTGATACTCCTACTGTGGAATCTGAAGACACTTGAAAACGT;RF00579.fa
166;AC006435;URS0000D6D9B0;AC006435;AC006435.7/3490-3396 Homo sapiens chromosome 17, clone RP5-59D14, complete sequence.;TAGAGAAGTCAATGATGGTTTTATTCATATCGTCTGAACCTGTCTGAAGCATCTCAGTGATGCAATCTCTGTGTGGTTCTGAGACTTCTCCAAGT;RF00580.fa
167;AC006435;URS0000D6D9B0;AC006435;AC006435.7/2333-2239 Homo sapiens chromosome 17, clone RP5-59D14, complete sequence.;CTTAAGAGCCAATGATGTTTTTATTCAAAATGTCTGAACCTGTCTGAAGCATCCCAGTGATGCAACTTCTGTGTGATACTGAGGCTTTTTTGCCA;RF00580.fa
168;AC015982;URS0000E9E3B6;AC015982;AC015982.9/45601-45748 Homo sapiens BAC clone RP11-554J4 from 2, complete sequence.;GGTTGTGGTGGTTTTCTTTCTGGTACATTTGTTAAGTTTTCAAATGAGCCTAACTCTGCCACATATATCATATAGGAGCTGGCAAAGGCTTGATGACAAAGAGATCTCTCTCAAGCCTTTCCCACATCAGAGGCTGGCTTTCACACAC;RF00586.fa
169;AL135998;URS0000EA157C;AL135998;AL135998.6/148355-148423 Human chromosome 14 DNA sequence BAC R-137H15 of library RPCI-11 from chromosome 14 of Homo sapiens (Human);AGGGAAGTGATGACAACTGTGACTGTTGTGTGACACTGATTTCTCTCATATTTGTACTGGCTGATCCTG;RF00588.fa
170;AC012435;URS0000EBB392;AC012435;AC012435.13/84027-83958 Homo sapiens chromosome 15, clone RP11-10O17, complete sequence.;ATACTGTGACAGTTGCATCGTTCAGCAGATTGAGTCACGAAGAGATGTATACCATCTGTCTGATGTATCT;RF00591.fa
171;AC104763;URS0000EA10D7;AC104763;AC104763.12/68286-68156 Homo sapiens chromosome 17, clone RP11-3K24, complete sequence.;TGCCTCTCTCCCATGGGCTTTGGGGGGTCCCTGTTCTCCTTAGCCAAGGCTGGAGGCCAAGAGCAGCCCTCGAGGATCGTCGTCAGGACTGCCACGAGTGGGGCAGCCTTGTTTTCCTGCCTCAGACATGT;RF00601.fa
172;AC104581;URS0000EB1188;AC104581;AC104581.22/69359-69497 Homo sapiens chromosome 17, clone RP11-1099M24, complete sequence.;TGGCTCGATTTCCTGGGGGGTGGTCTCAGCCCACTCCACCTCCCCTCAGCCGAGCCTAGAGTAGAGGGGCCAGGCATCCTCCCCAGGGGAGGGGCGTTGAAGCAAGGAGCCTCTCCTGGGCTGTCCTAGCCTCACATTT;RF00602.fa
173;AC104581;URS0000EB3660;AC104581;AC104581.22/69359-69497 Homo sapiens chromosome 17, clone RP11-1099M24, complete sequence.;TGGCTCGATTTCCTGGGGGGTGGTCTCAGCCCACTCCACCTCCCCTCAGCCGAGCCTAGAGTAGAGGGGCCAGGCATCCTCCCCAGGGGAGGGGCGTTGAAGCAAGGAGCCTCTCCTGGGCTGTCCTAGCCTCACATTT;RF00602.fa
174;AC104581;URS0000EBB648;AC104581;AC104581.22/69359-69497 Homo sapiens chromosome 17, clone RP11-1099M24, complete sequence.;TGGCTCGATTTCCTGGGGGGTGGTCTCAGCCCACTCCACCTCCCCTCAGCCGAGCCTAGAGTAGAGGGGCCAGGCATCCTCCCCAGGGGAGGGGCGTTGAAGCAAGGAGCCTCTCCTGGGCTGTCCTAGCCTCACATTT;RF00602.fa
175;AC010325;URS000006CC8B;AC010325;AC010325.7/132197-132107 Homo sapiens chromosome 19 clone CTD-2568A17, complete sequence.;GGGCCTCCATGATGTCCAGCACTGGGCTCCGACTGCCACTGAGGACACGGTGCCCCCCGGGACCTTTGACACCCGGGGGTCTGAGGGGCCC;RF00604.fa
176;AC010325;URS000006CC8B;AC010325;AC010325.7/135083-134993 Homo sapiens chromosome 19 clone CTD-2568A17, complete sequence.;GGGCTCCCATGATGTCCAGCACTGGGCTCTGATCACCCCTGAGGACACAGTGCACCCCAGGACCTTTGACACCTGGGGGTCTGAGGGGCCC;RF00604.fa
177;AC010325;URS000006CC8B;AC010325;AC010325.7/131787-131697 Homo sapiens chromosome 19 clone CTD-2568A17, complete sequence.;GGGACCCCGTGATGTCCAGCACTGGGCTCTGACTGCCCCTGAGGACACGGTGCACCCCGGGACCTTTGACATCCGGGGTTCTGAGGGGCCC;RF00604.fa
178;AC010325;URS000000CF75;AC010325;AC010325.7/132197-132107 Homo sapiens chromosome 19 clone CTD-2568A17, complete sequence.;GGGCCTCCATGATGTCCAGCACTGGGCTCCGACTGCCACTGAGGACACGGTGCCCCCCGGGACCTTTGACACCCGGGGGTCTGAGGGGCCC;RF00604.fa
179;AC010325;URS000000CF75;AC010325;AC010325.7/135083-134993 Homo sapiens chromosome 19 clone CTD-2568A17, complete sequence.;GGGCTCCCATGATGTCCAGCACTGGGCTCTGATCACCCCTGAGGACACAGTGCACCCCAGGACCTTTGACACCTGGGGGTCTGAGGGGCCC;RF00604.fa
180;AC010325;URS000000CF75;AC010325;AC010325.7/131787-131697 Homo sapiens chromosome 19 clone CTD-2568A17, complete sequence.;GGGACCCCGTGATGTCCAGCACTGGGCTCTGACTGCCCCTGAGGACACGGTGCACCCCGGGACCTTTGACATCCGGGGTTCTGAGGGGCCC;RF00604.fa
181;AC005682;URS0000EB2AE6;AC005682;AC005682.2/110683-110610 Homo sapiens BAC clone RP11-84K19 from 7, complete sequence.;TGGCCAAGGATGAGAACTCTAATCTGATTTTATGTGCTTCTGCTGTGATGGATTAAAGGATTTACCTGAGGCCA;RF00606.fa
182;AC005682;URS0000EA6476;AC005682;AC005682.2/110683-110610 Homo sapiens BAC clone RP11-84K19 from 7, complete sequence.;TGGCCAAGGATGAGAACTCTAATCTGATTTTATGTGCTTCTGCTGTGATGGATTAAAGGATTTACCTGAGGCCA;RF00606.fa
183;AC005682;URS0000EB3BAC;AC005682;AC005682.2/110683-110610 Homo sapiens BAC clone RP11-84K19 from 7, complete sequence.;TGGCCAAGGATGAGAACTCTAATCTGATTTTATGTGCTTCTGCTGTGATGGATTAAAGGATTTACCTGAGGCCA;RF00606.fa
184;AC106804;URS0000EA9547;AC106804;AC106804.4/74513-74420 Homo sapiens chromosome 16 clone RP11-49C24, complete sequence.;CAGCCTGAAATGATGACTCTTTAAAAAATTTCATGTCTCTTCTCTGACATTTTTCTCTGGACACAGTTTTTGCCTTATGAATCTGATCAGGCTG;RF00611.fa
185;AC106804;URS0000E9EDF7;AC106804;AC106804.4/74513-74420 Homo sapiens chromosome 16 clone RP11-49C24, complete sequence.;CAGCCTGAAATGATGACTCTTTAAAAAATTTCATGTCTCTTCTCTGACATTTTTCTCTGGACACAGTTTTTGCCTTATGAATCTGATCAGGCTG;RF00611.fa
186;AC106804;URS0000EA96F6;AC106804;AC106804.4/74513-74420 Homo sapiens chromosome 16 clone RP11-49C24, complete sequence.;CAGCCTGAAATGATGACTCTTTAAAAAATTTCATGTCTCTTCTCTGACATTTTTCTCTGGACACAGTTTTTGCCTTATGAATCTGATCAGGCTG;RF00611.fa
187;AC106804;URS0000EA1458;AC106804;AC106804.4/74513-74420 Homo sapiens chromosome 16 clone RP11-49C24, complete sequence.;CAGCCTGAAATGATGACTCTTTAAAAAATTTCATGTCTCTTCTCTGACATTTTTCTCTGGACACAGTTTTTGCCTTATGAATCTGATCAGGCTG;RF00611.fa
188;AC106804;URS0000E9534A;AC106804;AC106804.4/74513-74420 Homo sapiens chromosome 16 clone RP11-49C24, complete sequence.;CAGCCTGAAATGATGACTCTTTAAAAAATTTCATGTCTCTTCTCTGACATTTTTCTCTGGACACAGTTTTTGCCTTATGAATCTGATCAGGCTG;RF00611.fa
189;AL135914;URS0000E9E4C5;AL135914;AL135914.25/92223-92098 Human DNA sequence from clone RP1-56L9 on chromosome 6 Contains a novel gene, the SOD2 gene for superoxide dismutase 2, mitochondrial, a pseudogene similar to heterogenous nuclear ribonucleoprotein H, the gene for Wilms' tumor 1-associating;ACCATCCTTTTCTTGGGGTTGCACTACTGTCCAATGGGTACCTAGTGAGGGCAGTACTGCTAACTCCTGCACAACACACCGAAATCAACTAGAGCTTTGCTTTGCCTTGGTGCAGTTTTTGGAGAA;RF00618.fa
190;AC105235;URS0000EAB6C4;AC105235;AC105235.7/18788-18712 Homo sapiens chromosome 8, clone CTD-2014D20, complete sequence.;TTTTCCTGCCCTCGAGGAGCTCACAGTCTAGTATGTCTCATCCCCTACTAGACTGAAGCTCCTTGAGGACAGGGATG;RF00655.fa
191;AC122129;URS0000EBE20A;AC122129;AC122129.9/71659-71593 Homo sapiens chromosome 17, clone RP1-253P7, complete sequence.;CCGCGGTGCATTGCTGTTGCATTGCACGTGTGTGAGGCGGGTGCAGTGCCTCGGCAGTGCAGCCCGG;RF00667.fa
192;AC122129;URS0000E93349;AC122129;AC122129.9/71659-71593 Homo sapiens chromosome 17, clone RP1-253P7, complete sequence.;CCGCGGTGCATTGCTGTTGCATTGCACGTGTGTGAGGCGGGTGCAGTGCCTCGGCAGTGCAGCCCGG;RF00667.fa
193;AC122129;URS0000EAEB67;AC122129;AC122129.9/71659-71593 Homo sapiens chromosome 17, clone RP1-253P7, complete sequence.;CCGCGGTGCATTGCTGTTGCATTGCACGTGTGTGAGGCGGGTGCAGTGCCTCGGCAGTGCAGCCCGG;RF00667.fa
194;AC024267;URS0000EB2D4B;AC024267;AC024267.18/54766-54682 Homo sapiens chromosome 17, clone RP11-20B24, complete sequence.;TGGGGCCCTGGCTGGGATATCATCATATACTGTAAGTTTGCGATGAGACACTACAGTATAGATGATGTACTAGTCCGGGCACCCC;RF00682.fa
195;AL592071;URS0000D6DA87;AL592071;AL592071.13/6491-6405 Human DNA sequence from clone RP13-49I15 on chromosome 10;CCCGCCGTTCCTTTTTCCTATGCATATACTTCTTTGAGGATCTGGCCTAAAGAGGTATAGGGCATGGGAAAACGGGGCGGTCGGGTC;RF00705.fa
196;AC024267;URS0000EB2D4B;AC024267;AC024267.18/54588-54517 Homo sapiens chromosome 17, clone RP11-20B24, complete sequence.;CTTGGGAATGGCAAGGAAACCGTTACCATTACTGAGTTTAGTAATGGTAATGGTTCTCTTGCTATACCCAGA;RF00722.fa
197;AC106864;URS0000EA1DC1;AC106864;AC106864.5/11031-10964 Homo sapiens BAC clone RP11-148B6 from 4, complete sequence.;CCATTACTGTTGCTAATATGCAACTCTGTTGAATATAAATTGGAATTGCACTTTAGCAATGGTGATGG;RF00735.fa
198;AC008635;URS0000EBB1D9;AC008635;AC008635.6/28164-28246 Homo sapiens chromosome 19 clone CTB-174O21, complete sequence.;AAATACCTCCATGGGGCCTTCTCTTCCCAGTTCTTCCTGGAGTCGGGGAAAAGCTGGGTTGAGAAGGTGAAAAGAAAAAACAA;RF00736.fa
199;AC092809;URS0000EAAACA;AC092809;AC092809.2/84279-84199 Homo sapiens chromosome 1 clone RP11-365O16, complete sequence.;AATTCTGTCTCTTAGGCTTTCTCTTCCCAGATTTCCCAAAGTTGGGAAAAGCTGGGTTGAGAGGGCAAAAGGAAAAAAAAA;RF00736.fa
200;AC099850;URS0000EB6C7C;AC099850;AC099850.7/126354-126468 Homo sapiens chromosome 17, clone CTD-2510F5, complete sequence.;TCTGTTTATCACCAGATCCTAGAACCCTATCAATATTGTCTCTGCTGTGTAAATAGTTCTGAGTAGTGCAATATTGCTTATAGGGTTTTGGTGTTTGGAAAGAACAATGGGCAGG;RF00746.fa
201;AC137630;URS0000EA09F5;AC137630;AC137630.9/69177-69087 Homo sapiens 3 BAC RP13-131K19 (Roswell Park Cancer Institute Human BAC Library) complete sequence.;GGCTGGACAGCGGGCAACGGAATCCCAAAAGCAGCTGTTGTCTCCAGAGCATTCCAGCTGCGCTTGGATTTCGTCCCCTGCTCTCCTGCCT;RF00764.fa
202;AC137630;URS0000EBD705;AC137630;AC137630.9/69177-69087 Homo sapiens 3 BAC RP13-131K19 (Roswell Park Cancer Institute Human BAC Library) complete sequence.;GGCTGGACAGCGGGCAACGGAATCCCAAAAGCAGCTGTTGTCTCCAGAGCATTCCAGCTGCGCTTGGATTTCGTCCCCTGCTCTCCTGCCT;RF00764.fa
203;AC010619;URS0000EA0CDB;AC010619;AC010619.7/88039-87956 Homo sapiens chromosome 19 clone CTD-3148I10, complete sequence.;CTCCCCATGGCCCTGTCTCCCAACCCTTGTACCAGTGCTGGGCTCAGACCCTGGTACAGGCCTGGGGGACAGGGACCTGGGGAC;RF00767.fa
204;AC010619;URS0000E9C609;AC010619;AC010619.7/88039-87956 Homo sapiens chromosome 19 clone CTD-3148I10, complete sequence.;CTCCCCATGGCCCTGTCTCCCAACCCTTGTACCAGTGCTGGGCTCAGACCCTGGTACAGGCCTGGGGGACAGGGACCTGGGGAC;RF00767.fa
205;AC084879;URS0000EA38A2;AC084879;AC084879.23/106118-106025 Homo sapiens 12q BAC RP11-167N24 (Roswell Park Cancer Institute Human BAC Library) complete sequence.;GAGTTTGGTTTTGTTTGGGTTTGTTCTAGGTATGGTCCCAGGGATCCCAGATCAAACCAGGCCCCTGGGCCTATCCTAGAACCAACCTAAGCTC;RF00769.fa
206;AC084879;URS0000E9B14C;AC084879;AC084879.23/106118-106025 Homo sapiens 12q BAC RP11-167N24 (Roswell Park Cancer Institute Human BAC Library) complete sequence.;GAGTTTGGTTTTGTTTGGGTTTGTTCTAGGTATGGTCCCAGGGATCCCAGATCAAACCAGGCCCCTGGGCCTATCCTAGAACCAACCTAAGCTC;RF00769.fa
207;AC084879;URS0000EA8BE9;AC084879;AC084879.23/106118-106025 Homo sapiens 12q BAC RP11-167N24 (Roswell Park Cancer Institute Human BAC Library) complete sequence.;GAGTTTGGTTTTGTTTGGGTTTGTTCTAGGTATGGTCCCAGGGATCCCAGATCAAACCAGGCCCCTGGGCCTATCCTAGAACCAACCTAAGCTC;RF00769.fa
208;AC084879;URS0000E91C7B;AC084879;AC084879.23/106118-106025 Homo sapiens 12q BAC RP11-167N24 (Roswell Park Cancer Institute Human BAC Library) complete sequence.;GAGTTTGGTTTTGTTTGGGTTTGTTCTAGGTATGGTCCCAGGGATCCCAGATCAAACCAGGCCCCTGGGCCTATCCTAGAACCAACCTAAGCTC;RF00769.fa
209;AC084879;URS0000E9E5D2;AC084879;AC084879.23/106118-106025 Homo sapiens 12q BAC RP11-167N24 (Roswell Park Cancer Institute Human BAC Library) complete sequence.;GAGTTTGGTTTTGTTTGGGTTTGTTCTAGGTATGGTCCCAGGGATCCCAGATCAAACCAGGCCCCTGGGCCTATCCTAGAACCAACCTAAGCTC;RF00769.fa
210;AC084879;URS0000E94D96;AC084879;AC084879.23/106118-106025 Homo sapiens 12q BAC RP11-167N24 (Roswell Park Cancer Institute Human BAC Library) complete sequence.;GAGTTTGGTTTTGTTTGGGTTTGTTCTAGGTATGGTCCCAGGGATCCCAGATCAAACCAGGCCCCTGGGCCTATCCTAGAACCAACCTAAGCTC;RF00769.fa
211;AC084879;URS0000EA50A4;AC084879;AC084879.23/106118-106025 Homo sapiens 12q BAC RP11-167N24 (Roswell Park Cancer Institute Human BAC Library) complete sequence.;GAGTTTGGTTTTGTTTGGGTTTGTTCTAGGTATGGTCCCAGGGATCCCAGATCAAACCAGGCCCCTGGGCCTATCCTAGAACCAACCTAAGCTC;RF00769.fa
212;AC084879;URS0000EB59B1;AC084879;AC084879.23/106118-106025 Homo sapiens 12q BAC RP11-167N24 (Roswell Park Cancer Institute Human BAC Library) complete sequence.;GAGTTTGGTTTTGTTTGGGTTTGTTCTAGGTATGGTCCCAGGGATCCCAGATCAAACCAGGCCCCTGGGCCTATCCTAGAACCAACCTAAGCTC;RF00769.fa
213;AC040160;URS0000EA3B5B;AC040160;AC040160.4/136429-136512 Homo sapiens chromosome 16 clone CTC-277H1, complete sequence.;TGGAGTGGGGGGGCAGGAGGGGCTCAGGGAGAAAGTGCATACAGCCCCTGGCCCTCTCTGCCCTTCCGTCCCCTGCTCTTGGCC;RF00772.fa
214;AC040160;URS0000E96FB8;AC040160;AC040160.4/136429-136512 Homo sapiens chromosome 16 clone CTC-277H1, complete sequence.;TGGAGTGGGGGGGCAGGAGGGGCTCAGGGAGAAAGTGCATACAGCCCCTGGCCCTCTCTGCCCTTCCGTCCCCTGCTCTTGGCC;RF00772.fa
215;AC040160;URS0000E97346;AC040160;AC040160.4/136429-136512 Homo sapiens chromosome 16 clone CTC-277H1, complete sequence.;TGGAGTGGGGGGGCAGGAGGGGCTCAGGGAGAAAGTGCATACAGCCCCTGGCCCTCTCTGCCCTTCCGTCCCCTGCTCTTGGCC;RF00772.fa
216;AC137630;URS0000EA09F5;AC137630;AC137630.9/68702-68618 Homo sapiens 3 BAC RP13-131K19 (Roswell Park Cancer Institute Human BAC Library) complete sequence.;AAAGCGCTTTGGAATGACACGATCACTCCCGTTGAGTGGGCACCCGAGAAGCCATCGGGAATGTCGTGTCCGCCCAGTGCTCTTT;RF00803.fa
217;AC137630;URS0000EBD705;AC137630;AC137630.9/68702-68618 Homo sapiens 3 BAC RP13-131K19 (Roswell Park Cancer Institute Human BAC Library) complete sequence.;AAAGCGCTTTGGAATGACACGATCACTCCCGTTGAGTGGGCACCCGAGAAGCCATCGGGAATGTCGTGTCCGCCCAGTGCTCTTT;RF00803.fa
218;AC104984;URS0000EC182F;AC104984;AC104984.14/146492-146412 Homo sapiens chromosome 17, clone RP11-354P11, complete sequence.;AGGAAGTTAGGCTGAGGGGCAGAGAGCGAGACTTTTCTATTTTCCAAAAGCTCGGTCTGAGGCCCCTCAGTCTTGCTTCCT;RF00870.fa
219;AC015909;URS0000E9A277;AC015909;AC015909.14/132622-132530 Homo sapiens chromosome 17, clone RP11-893F2, complete sequence.;AGGTAGGGTAATCTGTCTTTAAGTAGGGAGAAATTGCTCTAAAAAAAAAAAAAAGAATCCTAGATAGTTTTCCCTTCAAGTCAAGCATCTTGT;RF00876.fa
220;AC015909;URS0000E9E9E9;AC015909;AC015909.14/132622-132530 Homo sapiens chromosome 17, clone RP11-893F2, complete sequence.;AGGTAGGGTAATCTGTCTTTAAGTAGGGAGAAATTGCTCTAAAAAAAAAAAAAAGAATCCTAGATAGTTTTCCCTTCAAGTCAAGCATCTTGT;RF00876.fa
221;AC015909;URS0000EA3249;AC015909;AC015909.14/132622-132530 Homo sapiens chromosome 17, clone RP11-893F2, complete sequence.;AGGTAGGGTAATCTGTCTTTAAGTAGGGAGAAATTGCTCTAAAAAAAAAAAAAAGAATCCTAGATAGTTTTCCCTTCAAGTCAAGCATCTTGT;RF00876.fa
222;AC108044;URS0000EC0873;AC108044;AC108044.5/88266-88343 Homo sapiens BAC clone RP11-280E3 from 4, complete sequence.;TGCGGGCGTGTGAGTGTGTGTGTGTGAGTGTGTGTCGCTCCGGGTCCACGCTCATGCACACACCCACACGCCCACACT;RF00929.fa
223;AC108044;URS0000EC1F84;AC108044;AC108044.5/88266-88343 Homo sapiens BAC clone RP11-280E3 from 4, complete sequence.;TGCGGGCGTGTGAGTGTGTGTGTGTGAGTGTGTGTCGCTCCGGGTCCACGCTCATGCACACACCCACACGCCCACACT;RF00929.fa
224;AC108044;URS0000E99BBB;AC108044;AC108044.5/88266-88343 Homo sapiens BAC clone RP11-280E3 from 4, complete sequence.;TGCGGGCGTGTGAGTGTGTGTGTGTGAGTGTGTGTCGCTCCGGGTCCACGCTCATGCACACACCCACACGCCCACACT;RF00929.fa
225;AC139667;URS0000EAA29D;AC139667;AC139667.5/127698-127624 Homo sapiens 3 BAC RP11-88B8 (Roswell Park Cancer Institute Human BAC Library) complete sequence.;GTGAGGGCATGCAGGCCTGGATGGGGCAGCTGGGATGGTCCAAAAGGGTGGCCTCACCAGCCCTGTGTTCCCTAG;RF00945.fa
226;AL512785;URS00008C16A0;AL512785;AL512785.7/29781-29875 Human DNA sequence from clone RP11-565P22 on chromosome 1 Contains two novel genes, the 3' end of the gene for C-terminal PDZ domain ligand of neuronal nitric oxide synthase (CAPON), a novel gene (LOC284680), the EAT2 gene for SH2 domain-co;GATAGTAATAAGAAAGATGAGCTCATTGTAATATGAGCTTCATTTATACATTTCATATTACCATTAGCTCATCTTTTTTATTACTACCTTCAACA;RF00969.fa
227;AC103834;URS0000EB63AA;AC103834;AC103834.2/165358-165454 Homo sapiens chromosome 8, clone RP11-1081K18, complete sequence.;TACTTACTCTACGTGTGTGTCACTCGATGACCACTGTGAAGACAGTAAAATGTACAGTGGTTCTCTTGTGGCTCAAGCGTAATGTAGAGTACTGGTC;RF00973.fa
228;AL121808;URS0000EC1B9E;AL121808;AL121808.4/109696-109792 Human chromosome 14 DNA sequence BAC C-2313O13 of library CalTech-D from chromosome 14 of Homo sapiens (Human);AATGCTGTTTCAAGGTAGTACCAGTACCTTGTGTTCAGTGGAACCAAGGTAAACACAAGGTATTGGTATTACCTTGAGATAGCATTACACCTAAGTG;RF01007.fa
229;AC018926;URS0000EC0D4E;AC018926;AC018926.10/145080-144986 Homo sapiens chromosome 15 clone RP11-139H15 map 15q21.3, complete sequence.;ATAGCTGTTGTGTCACTTCCTCATGCTGACATATTTACTAGAGGGTAAAATTAATAACCTTCTAGTAAGAGTGGCAGTCGAAGGGAAGGGCTCAT;RF01012.fa
230;AC018926;URS0000D6E4C5;AC018926;AC018926.10/145080-144986 Homo sapiens chromosome 15 clone RP11-139H15 map 15q21.3, complete sequence.;ATAGCTGTTGTGTCACTTCCTCATGCTGACATATTTACTAGAGGGTAAAATTAATAACCTTCTAGTAAGAGTGGCAGTCGAAGGGAAGGGCTCAT;RF01012.fa
231;AC018926;URS000006BD69;AC018926;AC018926.10/145080-144986 Homo sapiens chromosome 15 clone RP11-139H15 map 15q21.3, complete sequence.;ATAGCTGTTGTGTCACTTCCTCATGCTGACATATTTACTAGAGGGTAAAATTAATAACCTTCTAGTAAGAGTGGCAGTCGAAGGGAAGGGCTCAT;RF01012.fa
232;AC018926;URS0000364553;AC018926;AC018926.10/145080-144986 Homo sapiens chromosome 15 clone RP11-139H15 map 15q21.3, complete sequence.;ATAGCTGTTGTGTCACTTCCTCATGCTGACATATTTACTAGAGGGTAAAATTAATAACCTTCTAGTAAGAGTGGCAGTCGAAGGGAAGGGCTCAT;RF01012.fa
233;AC018926;URS0000E9B06F;AC018926;AC018926.10/145080-144986 Homo sapiens chromosome 15 clone RP11-139H15 map 15q21.3, complete sequence.;ATAGCTGTTGTGTCACTTCCTCATGCTGACATATTTACTAGAGGGTAAAATTAATAACCTTCTAGTAAGAGTGGCAGTCGAAGGGAAGGGCTCAT;RF01012.fa
234;Z97632;URS0000EB48BA;Z97632;Z97632.3/23636-23554 Human DNA sequence from clone RP1-196E23 on chromosome Xq26.1-27.2 Contains the VGLL1 gene for vestgial like 1 (Drosophila), the HTATSF1 gene for HIV TAT specific factor 1, the BRS3 gene for bombesin-like receptor 3 and a CpG island.;AGAAATAAGGCTTCTGTCTACTACTGGAGACACTGGTAGTATAAAACCCAGAGTCTCCAGTAATGGACGGGAGCCTTATTTCT;RF01025.fa
235;AC105219;URS0000EB5463;AC105219;AC105219.6/15753-15838 Homo sapiens chromosome 8, clone RP11-429J17, complete sequence.;AGCACTGCCCCCGGTGAGTCAGGGTGGGGCTGGCCCCCTGCTTCGTGCCCATCCGCGCTCTGACTCTCTGCCCACCTGCAGGAGCT;RF01039.fa
236;AC105219;URS00008C23DA;AC105219;AC105219.6/15753-15838 Homo sapiens chromosome 8, clone RP11-429J17, complete sequence.;AGCACTGCCCCCGGTGAGTCAGGGTGGGGCTGGCCCCCTGCTTCGTGCCCATCCGCGCTCTGACTCTCTGCCCACCTGCAGGAGCT;RF01039.fa
237;AC105219;URS000011142C;AC105219;AC105219.6/15753-15838 Homo sapiens chromosome 8, clone RP11-429J17, complete sequence.;AGCACTGCCCCCGGTGAGTCAGGGTGGGGCTGGCCCCCTGCTTCGTGCCCATCCGCGCTCTGACTCTCTGCCCACCTGCAGGAGCT;RF01039.fa
238;AL135838;URS0000EA0C1E;AL135838;AL135838.6/146068-145972 Human chromosome 14 DNA sequence BAC R-362L22 of library RPCI-11 from chromosome 14 of Homo sapiens (Human);ACCCAAACCCTAGGTCTGCTGACTCCTAGTCCAGGGCTCGTGATGGCTGGTGGGCCCTGAACGAGGGGTCTGGAGGCCTGGGTTTGAATATCGACAG;RF01044.fa
239;AL135838;URS0000EBE2EF;AL135838;AL135838.6/146068-145972 Human chromosome 14 DNA sequence BAC R-362L22 of library RPCI-11 from chromosome 14 of Homo sapiens (Human);ACCCAAACCCTAGGTCTGCTGACTCCTAGTCCAGGGCTCGTGATGGCTGGTGGGCCCTGAACGAGGGGTCTGGAGGCCTGGGTTTGAATATCGACAG;RF01044.fa
240;AC009121;URS00008BC19A;AC009121;AC009121.8/57560-57477 Homo sapiens chromosome 16 clone RP11-485G7, complete sequence.;TATTAGGTTGGTGCAAAAGTAATTGTGGTGTTTGCCATTGAAAGTAATGACAAAAACCGCGATTACTTTTGCACCAACCTAATA;RF01061.fa
241;AC110921;URS0000EBC0A0;AC110921;AC110921.9/174283-174200 Homo sapiens chromosome 17, clone CTD-2653B5, complete sequence.;ATTTAGGTTGGTGCAAAAGTAATTGTGGTTTTTGCCATTGAAAGTAATGGCAAAAACCACAGTTTCTTTTGCACCAACCTAATA;RF01061.fa
242;AL355075;URS0000EAC98F;AL355075;AL355075.6/193439-193515 Human chromosome 14 DNA sequence BAC R-203M5 of library RPCI-11 from chromosome 14 of Homo sapiens (Human);AGTTTGCCATGATGAAATGCATGTTAAGTCCGTGTTTCAGCTGATCAGCCTGATTAAACACATGCTCTGAGCAGACT;RF01168.fa
243;AL355075;URS0000EAAC09;AL355075;AL355075.6/193439-193515 Human chromosome 14 DNA sequence BAC R-203M5 of library RPCI-11 from chromosome 14 of Homo sapiens (Human);AGTTTGCCATGATGAAATGCATGTTAAGTCCGTGTTTCAGCTGATCAGCCTGATTAAACACATGCTCTGAGCAGACT;RF01168.fa
244;AL355075;URS0000EA2C56;AL355075;AL355075.6/193439-193515 Human chromosome 14 DNA sequence BAC R-203M5 of library RPCI-11 from chromosome 14 of Homo sapiens (Human);AGTTTGCCATGATGAAATGCATGTTAAGTCCGTGTTTCAGCTGATCAGCCTGATTAAACACATGCTCTGAGCAGACT;RF01168.fa
245;AC020931;URS0000EB4B92;AC020931;AC020931.6/95709-95787 Homo sapiens chromosome 19 clone CTD-2240E14, complete sequence.;CCACATGCGGCTGATGACAGCACTTCTGCTGAGACGCTGTGATTGCTCTGTCCAAAGTAAACGCCCTGACGCACTGTGG;RF01173.fa
246;AC064836;URS0000EA82EC;AC064836;AC064836.7/31785-31868 Homo sapiens BAC clone RP11-686O6 from 2, complete sequence.;GTGTTCAATGATGATTTCTATTTGTTTGCCTGATTTCCTTTTGGATAATGAAGGCATCTTTAGTCACTACCTCTTCTGAGACAC;RF01182.fa
247;AC104446;URS0000EA40B0;AC104446;AC104446.2/143509-143592 Homo sapiens chromosome 3 clone RP11-447A21, complete sequence.;TTTTGGTTGAAATATGATGAGTGTACAAAATCTTGATTTAAGTGAATGAAAAATTACAAGATCCAACTCTGATTTCAGCCAGAG;RF01183.fa
248;AC104446;URS0000EBB5F6;AC104446;AC104446.2/143509-143592 Homo sapiens chromosome 3 clone RP11-447A21, complete sequence.;TTTTGGTTGAAATATGATGAGTGTACAAAATCTTGATTTAAGTGAATGAAAAATTACAAGATCCAACTCTGATTTCAGCCAGAG;RF01183.fa
249;AC104446;URS0000EAECFB;AC104446;AC104446.2/143509-143592 Homo sapiens chromosome 3 clone RP11-447A21, complete sequence.;TTTTGGTTGAAATATGATGAGTGTACAAAATCTTGATTTAAGTGAATGAAAAATTACAAGATCCAACTCTGATTTCAGCCAGAG;RF01183.fa
250;AC104446;URS0000EA3B97;AC104446;AC104446.2/143509-143592 Homo sapiens chromosome 3 clone RP11-447A21, complete sequence.;TTTTGGTTGAAATATGATGAGTGTACAAAATCTTGATTTAAGTGAATGAAAAATTACAAGATCCAACTCTGATTTCAGCCAGAG;RF01183.fa
251;AC104446;URS0000EA7176;AC104446;AC104446.2/143509-143592 Homo sapiens chromosome 3 clone RP11-447A21, complete sequence.;TTTTGGTTGAAATATGATGAGTGTACAAAATCTTGATTTAAGTGAATGAAAAATTACAAGATCCAACTCTGATTTCAGCCAGAG;RF01183.fa
252;AC104446;URS0000E9C59F;AC104446;AC104446.2/143509-143592 Homo sapiens chromosome 3 clone RP11-447A21, complete sequence.;TTTTGGTTGAAATATGATGAGTGTACAAAATCTTGATTTAAGTGAATGAAAAATTACAAGATCCAACTCTGATTTCAGCCAGAG;RF01183.fa
253;AC104446;URS0000E9CEBE;AC104446;AC104446.2/143509-143592 Homo sapiens chromosome 3 clone RP11-447A21, complete sequence.;TTTTGGTTGAAATATGATGAGTGTACAAAATCTTGATTTAAGTGAATGAAAAATTACAAGATCCAACTCTGATTTCAGCCAGAG;RF01183.fa
254;AL121809;URS0000EA2501;AL121809;AL121809.6/149441-149356 Human chromosome 14 DNA sequence BAC C-3028N15 of library CalTech-D from chromosome 14 of Homo sapiens (Human);TGGCAACTGTGATGAAAGATTTGGTCTGTATGTAATAGATTTTATTACTAAATGAGGACAACAGTCCCTCTAAACTGATGTTGCCA;RF01186.fa
255;AL121809;URS0000EAA5B4;AL121809;AL121809.6/149441-149356 Human chromosome 14 DNA sequence BAC C-3028N15 of library CalTech-D from chromosome 14 of Homo sapiens (Human);TGGCAACTGTGATGAAAGATTTGGTCTGTATGTAATAGATTTTATTACTAAATGAGGACAACAGTCCCTCTAAACTGATGTTGCCA;RF01186.fa
256;AL121809;URS0000EBDC17;AL121809;AL121809.6/149441-149356 Human chromosome 14 DNA sequence BAC C-3028N15 of library CalTech-D from chromosome 14 of Homo sapiens (Human);TGGCAACTGTGATGAAAGATTTGGTCTGTATGTAATAGATTTTATTACTAAATGAGGACAACAGTCCCTCTAAACTGATGTTGCCA;RF01186.fa
257;AL139113;URS0000E9654B;AL139113;AL139113.21/156153-156072 Human DNA sequence from clone RP11-176F3 on chromosome 9 Contains the 3' end of the PRSS3 gene for serine protease 3 (mesotrypsin) (MTG, TRY3, TRY4, PRSS4), the 5' end of a novel gene, two novel pseudogenes, a DC2 protein pseudogene, the UB;GTCCAGAAAACAATGATGTGGTAATTTCCAAGCACATATCTGATGATTCCATGTGGAATTTAACTACCTGAGTTTCCTGGAC;RF01191.fa
258;AC064836;URS0000EA82EC;AC064836;AC064836.7/30066-30155 Homo sapiens BAC clone RP11-686O6 from 2, complete sequence.;TGATGGCAATGATGATTTTTACACTTATTGTTGTTCACCTGATAACATAAATATGAGGGTGTTCAGTCACTACCTCATCTGATGCCATCA;RF01192.fa
259;AL136097;URS0000EA4DD0;AL136097;AL136097.10/127422-127290 Human DNA sequence from clone RP11-62C3 on chromosome 9q22.1-22.33 Contains a novel pseudogene, a novel gene, the IARS gene for isoleucine-tRNA synthetase, the gene for a novel protein (FLJ20736), the 5' end of a novel gene, a UPF0183 prote;GCCCTGTGGTTGCTGGATGCTGTTGTGCATGGACAGCTCTCCAGTGGATTCGATGGGCCATAGCAATCCTGTGATTTATGCATGGAGGCTGCTTCTCCTCAGCAGCTGCCATAGCCCGGTCGCTGGTACATGA;RF01229.fa
260;AL136097;URS0000EBC024;AL136097;AL136097.10/127422-127290 Human DNA sequence from clone RP11-62C3 on chromosome 9q22.1-22.33 Contains a novel pseudogene, a novel gene, the IARS gene for isoleucine-tRNA synthetase, the gene for a novel protein (FLJ20736), the 5' end of a novel gene, a UPF0183 prote;GCCCTGTGGTTGCTGGATGCTGTTGTGCATGGACAGCTCTCCAGTGGATTCGATGGGCCATAGCAATCCTGTGATTTATGCATGGAGGCTGCTTCTCCTCAGCAGCTGCCATAGCCCGGTCGCTGGTACATGA;RF01229.fa
261;AL136097;URS0000E9DD7B;AL136097;AL136097.10/127422-127290 Human DNA sequence from clone RP11-62C3 on chromosome 9q22.1-22.33 Contains a novel pseudogene, a novel gene, the IARS gene for isoleucine-tRNA synthetase, the gene for a novel protein (FLJ20736), the 5' end of a novel gene, a UPF0183 prote;GCCCTGTGGTTGCTGGATGCTGTTGTGCATGGACAGCTCTCCAGTGGATTCGATGGGCCATAGCAATCCTGTGATTTATGCATGGAGGCTGCTTCTCCTCAGCAGCTGCCATAGCCCGGTCGCTGGTACATGA;RF01229.fa
262;AL136097;URS0000EB1029;AL136097;AL136097.10/127422-127290 Human DNA sequence from clone RP11-62C3 on chromosome 9q22.1-22.33 Contains a novel pseudogene, a novel gene, the IARS gene for isoleucine-tRNA synthetase, the gene for a novel protein (FLJ20736), the 5' end of a novel gene, a UPF0183 prote;GCCCTGTGGTTGCTGGATGCTGTTGTGCATGGACAGCTCTCCAGTGGATTCGATGGGCCATAGCAATCCTGTGATTTATGCATGGAGGCTGCTTCTCCTCAGCAGCTGCCATAGCCCGGTCGCTGGTACATGA;RF01229.fa
263;AL136097;URS0000E96356;AL136097;AL136097.10/127422-127290 Human DNA sequence from clone RP11-62C3 on chromosome 9q22.1-22.33 Contains a novel pseudogene, a novel gene, the IARS gene for isoleucine-tRNA synthetase, the gene for a novel protein (FLJ20736), the 5' end of a novel gene, a UPF0183 prote;GCCCTGTGGTTGCTGGATGCTGTTGTGCATGGACAGCTCTCCAGTGGATTCGATGGGCCATAGCAATCCTGTGATTTATGCATGGAGGCTGCTTCTCCTCAGCAGCTGCCATAGCCCGGTCGCTGGTACATGA;RF01229.fa
264;U47924;URS0000EB6C72;U47924;U47924.1/179615-179346 Human chromosome 12p13 sequence, complete sequence.;CAGGCTGATGAGACTAAGGCGAATGCGACTCCGTGCTCTCTGGCCCTTGGCTCCTTGTTGGGGGTGGGGACTACAGATGAGATCTGAAATCTTAGTGGTAGTACCTGAGCCATGACTCCCCACTGTAAGGCCAGATCAATAGCATTGGTGGCCTTGCCTTCATTTCTGGTGCTGCCCCTAGTTCCTGGCAGCAGCCTGCAGGGAGGCCCACAGGTGGGGTCCACGGTAGGGCTGGGCACAAGCCACCTGAGCGCAACCTTGGATCTGACA;RF01294.fa
265;U47924;URS0000EA753A;U47924;U47924.1/179615-179346 Human chromosome 12p13 sequence, complete sequence.;CAGGCTGATGAGACTAAGGCGAATGCGACTCCGTGCTCTCTGGCCCTTGGCTCCTTGTTGGGGGTGGGGACTACAGATGAGATCTGAAATCTTAGTGGTAGTACCTGAGCCATGACTCCCCACTGTAAGGCCAGATCAATAGCATTGGTGGCCTTGCCTTCATTTCTGGTGCTGCCCCTAGTTCCTGGCAGCAGCCTGCAGGGAGGCCCACAGGTGGGGTCCACGGTAGGGCTGGGCACAAGCCACCTGAGCGCAACCTTGGATCTGACA;RF01294.fa
266;U47924;URS0000EA1280;U47924;U47924.1/179615-179346 Human chromosome 12p13 sequence, complete sequence.;CAGGCTGATGAGACTAAGGCGAATGCGACTCCGTGCTCTCTGGCCCTTGGCTCCTTGTTGGGGGTGGGGACTACAGATGAGATCTGAAATCTTAGTGGTAGTACCTGAGCCATGACTCCCCACTGTAAGGCCAGATCAATAGCATTGGTGGCCTTGCCTTCATTTCTGGTGCTGCCCCTAGTTCCTGGCAGCAGCCTGCAGGGAGGCCCACAGGTGGGGTCCACGGTAGGGCTGGGCACAAGCCACCTGAGCGCAACCTTGGATCTGACA;RF01294.fa
267;U47924;URS0000EA1ED2;U47924;U47924.1/179615-179346 Human chromosome 12p13 sequence, complete sequence.;CAGGCTGATGAGACTAAGGCGAATGCGACTCCGTGCTCTCTGGCCCTTGGCTCCTTGTTGGGGGTGGGGACTACAGATGAGATCTGAAATCTTAGTGGTAGTACCTGAGCCATGACTCCCCACTGTAAGGCCAGATCAATAGCATTGGTGGCCTTGCCTTCATTTCTGGTGCTGCCCCTAGTTCCTGGCAGCAGCCTGCAGGGAGGCCCACAGGTGGGGTCCACGGTAGGGCTGGGCACAAGCCACCTGAGCGCAACCTTGGATCTGACA;RF01294.fa
268;AP001929;URS0000EC0E4D;AP001929;AP001929.5/104611-104706 Homo sapiens genomic DNA, chromosome 11 clone:RP11-640N11, complete sequence.;TAGTCCCGGAGGCCACAGGACGCGCAGAGGCCGGGCGGGGCGGGAGGGGAGGGGCGGGGCGGGCGCTGCTGTCAGCCGCCAGCCGGAACTTGTACA;RF01383.fa
269;AP000769;URS0000E97289;AP000769;AP000769.5/11415-11472 Homo sapiens genomic DNA, chromosome 11 clone:CMB9-22P13, complete sequence.;GGCGCTGGTGGTGGCACGTCCAGCACGGCTGGGCCGGGGTTCGAGTCCCCGCAGTGTT;RF01684.fa
270;AL031595;URS0000E95994;AL031595;AL031595.4/5352-5438 Human DNA sequence from clone RP4-671O14 on chromosome 22q13.2-13.33 Contains the 3' end of the PARVB gene for parvin, beta, the PARVG gene for parvin, gamma and the 3' end of a novel gene.;GCTCGGATGATCCTCAGTGGTCTGGGGTGCAGGCTTCAAACCTGTAGCTGTCTAGTGACAGAGTGGTTCAATTCCACCTTTGTAGGC;RF01852.fa
271;AL031595;URS0000EBB05B;AL031595;AL031595.4/5352-5438 Human DNA sequence from clone RP4-671O14 on chromosome 22q13.2-13.33 Contains the 3' end of the PARVB gene for parvin, beta, the PARVG gene for parvin, gamma and the 3' end of a novel gene.;GCTCGGATGATCCTCAGTGGTCTGGGGTGCAGGCTTCAAACCTGTAGCTGTCTAGTGACAGAGTGGTTCAATTCCACCTTTGTAGGC;RF01852.fa
272;AL008718;URS0000EB30F3;AL008718;AL008718.23/22697-22592 Human DNA sequence from clone CTA-268H5 on chromosome 22q13.2-13.3;CTCAGATTATTGTTGGCATGGGGAGGAGGGAGGAGATGGGCCAAGTTCCCTCTGGCTGGAACGCCCTTCCCCCCCTTCTTCACCTGGCGAACTCCTACTCGTCCTT;RF01918.fa
273;AL008718;URS0000E93F92;AL008718;AL008718.23/22697-22592 Human DNA sequence from clone CTA-268H5 on chromosome 22q13.2-13.3;CTCAGATTATTGTTGGCATGGGGAGGAGGGAGGAGATGGGCCAAGTTCCCTCTGGCTGGAACGCCCTTCCCCCCCTTCTTCACCTGGCGAACTCCTACTCGTCCTT;RF01918.fa
274;AL008718;URS00008BF3C1;AL008718;AL008718.23/22697-22592 Human DNA sequence from clone CTA-268H5 on chromosome 22q13.2-13.3;CTCAGATTATTGTTGGCATGGGGAGGAGGGAGGAGATGGGCCAAGTTCCCTCTGGCTGGAACGCCCTTCCCCCCCTTCTTCACCTGGCGAACTCCTACTCGTCCTT;RF01918.fa
275;AL008718;URS0000D6DD40;AL008718;AL008718.23/22697-22592 Human DNA sequence from clone CTA-268H5 on chromosome 22q13.2-13.3;CTCAGATTATTGTTGGCATGGGGAGGAGGGAGGAGATGGGCCAAGTTCCCTCTGGCTGGAACGCCCTTCCCCCCCTTCTTCACCTGGCGAACTCCTACTCGTCCTT;RF01918.fa
276;AL008718;URS0000EA0CB6;AL008718;AL008718.23/22697-22592 Human DNA sequence from clone CTA-268H5 on chromosome 22q13.2-13.3;CTCAGATTATTGTTGGCATGGGGAGGAGGGAGGAGATGGGCCAAGTTCCCTCTGGCTGGAACGCCCTTCCCCCCCTTCTTCACCTGGCGAACTCCTACTCGTCCTT;RF01918.fa
277;AC009951;URS00008B3790;AC009951;AC009951.10/111477-111604 Homo sapiens BAC clone RP11-107E5 from 2, complete sequence.;CTATAAAAGATGTAACAGATGCAAACTGTAACACAAGGGCCATTAACCCTTTCTCTGCCGGGCACACTCAGTCCCCACGCCCCACACCTATTGTCTCCTGTGCTAGAAGCTTTGCAGAAAACCTGGAA;RF01984.fa
278;AC009951;URS00008B3790;AC009951;AC009951.10/112644-112704 Homo sapiens BAC clone RP11-107E5 from 2, complete sequence.;CTCAATAAAACTTTTCCTGGGCTGGATAGCAAAGGACACCTTTGGTTACCTGAATGAACAG;RF01985.fa
279;AC009951;URS00008B3790;AC009951;AC009951.10/113486-113585 Homo sapiens BAC clone RP11-107E5 from 2, complete sequence.;TCTCCCCCCCTCCACCCCCCCCTCCCCGCCCGTCAAGCCTTTGGCATCATTATCCTCATCACTAAATCCTACAGAGTACAGGGCGGAAAACGGTGCACAC;RF01986.fa
280;AC009951;URS00008B3790;AC009951;AC009951.10/114069-114146 Homo sapiens BAC clone RP11-107E5 from 2, complete sequence.;GATATTAAACGGCATGGGGTCTAAGTTTTGGAGTATATATTTTTTGATATTACAATTAAAGTAAGATTAAAAAGAAAA;RF01987.fa
281;AC138932;URS0000E99474;AC138932;AC138932.4/127957-127844 Homo sapiens chromosome 16 clone RP11-680G24, complete sequence.;GCCGACTCTACAGTGCGACGGGCGGAGCTTCCAGACGCTCCGCCCCACGTCGCATGCGCCCCGGGAAAGCGTGGGGCGGAGCTTCCGGAGGCCCCGCCCTGCTGCCGACCCTGT;RF02010.fa
282;AC138932;URS0000EA5D16;AC138932;AC138932.4/127957-127844 Homo sapiens chromosome 16 clone RP11-680G24, complete sequence.;GCCGACTCTACAGTGCGACGGGCGGAGCTTCCAGACGCTCCGCCCCACGTCGCATGCGCCCCGGGAAAGCGTGGGGCGGAGCTTCCGGAGGCCCCGCCCTGCTGCCGACCCTGT;RF02010.fa
283;AC010203;URS0000EBED2D;AC010203;AC010203.14/28663-28598 Homo sapiens 12 BAC RP11-175P13 (Roswell Park Cancer Institute Human BAC Library) complete sequence.;TCAGCAGCACAGCCTTCAGCCTAAAGCAATGAGAAGCCTCTGAAAGGCTGAGGCAGTAGATTGAAT;RF02028.fa
284;AC010203;URS0000E9EDA2;AC010203;AC010203.14/28663-28598 Homo sapiens 12 BAC RP11-175P13 (Roswell Park Cancer Institute Human BAC Library) complete sequence.;TCAGCAGCACAGCCTTCAGCCTAAAGCAATGAGAAGCCTCTGAAAGGCTGAGGCAGTAGATTGAAT;RF02028.fa
285;AC010203;URS0000E9D58D;AC010203;AC010203.14/28663-28598 Homo sapiens 12 BAC RP11-175P13 (Roswell Park Cancer Institute Human BAC Library) complete sequence.;TCAGCAGCACAGCCTTCAGCCTAAAGCAATGAGAAGCCTCTGAAAGGCTGAGGCAGTAGATTGAAT;RF02028.fa
286;L29074;URS00008C2364;L29074;"L29074.1/12293-12348 Homo sapiens fragile X mental retardation syndrome protein (FMR1) gene, alternative splice products, complete cds; and pseudogene, complete sequence.";TAGTCCAAAAGGTCTTTCCTGTTTGCTATGGCCTTGAGGAATGTGGCCCTAGATCC;RF02117.fa
287;L29074;URS00008C2364;L29074;"L29074.1/13604-13730 Homo sapiens fragile X mental retardation syndrome protein (FMR1) gene, alternative splice products, complete cds; and pseudogene, complete sequence.";GGCGGGGCCGAGGGGCTGAGCCCGCGGGGGGAGGGAACAGCGTTGATCACGTGACGTGGTTTCAGTGTTTACACCCGCAGCGGGCCGGGGGTTCGGCCTCAGTCAGGCGCTCAGCTCCGTTTCGGTT;RF02118.fa
288;AC025188;URS0000EB7471;AC025188;AC025188.8/53778-53910 Homo sapiens chromosome 5 clone CTD-2384B11, complete sequence.;TAAGAGCACATAAACATAGGAACTTTGTGAAGTCTAAGGACAAAACAAAAAACAACATCACTAACAGACCATAAAATTAGAAATCAGTCACAAAAAGCCAGTCAAAATATCCAAGAATTTATGGTTGAAGATT;RF02154.fa
289;AL021937;URS0000E91262;AL021937;AL021937.1/51514-51601 Human DNA sequence from clone RP1-149A16 on chromosome 22 Contains four novel genes (LOC339666, HSPC117), the RFPL3 gene for ret finger protein-like 3, a immunoglobulin lambda chain pseudogene, the RFPL3S gene for ret finger protein-like 3;CTTCATGTGAGTGCACCCGGTGGTTTGCCCAGAGTCCAGGTTGTGTCATGTGCCTCTTGGTGTAGAGGCTATATCTTCTTAAAATTTC;RF02171.fa
290;AL671859;URS0000EB17F5;AL671859;AL671859.3/15477-15544 Human DNA sequence from clone CH502-218N7 on chromosome 6;TTTTGCTCTTCACTGTATCTTCAGGGTCTAGTAGATCACATGATTCATCAGAGGACTTGAAATACATG;RF02218.fa
291;AL671859;URS0000E9C8CD;AL671859;AL671859.3/15477-15544 Human DNA sequence from clone CH502-218N7 on chromosome 6;TTTTGCTCTTCACTGTATCTTCAGGGTCTAGTAGATCACATGATTCATCAGAGGACTTGAAATACATG;RF02218.fa
292;AL671859;URS0000EB17F5;AL671859;AL671859.3/37718-37793 Human DNA sequence from clone CH502-218N7 on chromosome 6;CAAGATCTTTTTTTCCAGTGGAGACTGCTGACCTGCAGCAATCCTAGGATCTTTAGATGATGTACCCCAGGCCAAT;RF02219.fa
293;AL671859;URS0000E9C8CD;AL671859;AL671859.3/37718-37793 Human DNA sequence from clone CH502-218N7 on chromosome 6;CAAGATCTTTTTTTCCAGTGGAGACTGCTGACCTGCAGCAATCCTAGGATCTTTAGATGATGTACCCCAGGCCAAT;RF02219.fa
294;BX927229;URS0000EB17F5;BX927229;BX927229.6/89400-89475 Human DNA sequence from clone DAMA-377D17 on chromosome 6;CAAGATCTTTTTTTCCAGTGGAGACTGCTGACCTGCAGCAATCCTAGGATCTTTAGATGATGTACCCCAGGCCAAT;RF02219.fa
295;BX927229;URS0000E9C8CD;BX927229;BX927229.6/89400-89475 Human DNA sequence from clone DAMA-377D17 on chromosome 6;CAAGATCTTTTTTTCCAGTGGAGACTGCTGACCTGCAGCAATCCTAGGATCTTTAGATGATGTACCCCAGGCCAAT;RF02219.fa
296;AL671859;URS0000EB17F5;AL671859;AL671859.3/40683-40786 Human DNA sequence from clone CH502-218N7 on chromosome 6;AATTTTGTGCTCAACCTCTCAGTACCAGGGTGAAAGTGGAGACGCAATCTCCCTTGGAAGACGTTAGTCTCCATCTCTAACGCTCCCGAGACACGGTTCGCAAT;RF02220.fa
297;AL671859;URS0000E9C8CD;AL671859;AL671859.3/40683-40786 Human DNA sequence from clone CH502-218N7 on chromosome 6;AATTTTGTGCTCAACCTCTCAGTACCAGGGTGAAAGTGGAGACGCAATCTCCCTTGGAAGACGTTAGTCTCCATCTCTAACGCTCCCGAGACACGGTTCGCAAT;RF02220.fa
298;AC048334;URS0000EBB6CF;AC048334;AC048334.21/82720-82783 Homo sapiens 3 BAC RP11-572C15 (Roswell Park Cancer Institute Human BAC Library) complete sequence.;ACAGGCACTTGGCAGCCTTGTGATATCATACAGAGAAGTCACAGGGCAGTACCTGAGGGTCTGT;RF02261.fa
299;AC048334;URS0000EA4939;AC048334;AC048334.21/82720-82783 Homo sapiens 3 BAC RP11-572C15 (Roswell Park Cancer Institute Human BAC Library) complete sequence.;ACAGGCACTTGGCAGCCTTGTGATATCATACAGAGAAGTCACAGGGCAGTACCTGAGGGTCTGT;RF02261.fa
300;AC023509;URS0000EB9830;AC023509;AC023509.42/158050-157869 Homo sapiens 12 BAC RP11-793H13 (Roswell Park Cancer Institute Human BAC Library) complete sequence.;TTGACAGCCCTGGAGACTGAAATCCTCTATTTATCCACAGGACAGGTACAGCACAGGCAGCGACAGTGCGAGCTTTCCCCACACCACCCCGTCCATGTGCCTCAACCCTGACCTGGAGGGACCACCTCTAGAGGTGAGAGGGGATGTTCAGTCTCCAAGGCTCACTCAATCCTTCCGCCTCA;RF02271.fa
